id,kbar,yOpen,yClose,yHigh,yVolume,ma5,ma20,ma60,ma120,ma240
0015,G,0.0,0.0,0.0,0,0,0,0,0,0
0050,R,126.4,127.0,127.1,7038,7454,9034,9477,9726,11253
0051,G,71.6,71.6,72.45,132,81,106,107,78,56
0052,G,119.2,118.85,119.55,384,231,267,307,313,336
0053,G,69.0,68.95,69.0,15,10,9,10,9,9
0054,G,0.0,0.0,0.0,0,0,0,0,0,0
0055,R,23.15,23.23,23.23,121,138,281,254,222,226
0056,R,35.72,35.76,36.3,57369,31019,46126,52284,36867,35108
0057,G,93.85,93.85,93.85,2,17,8,10,10,9
0058,G,0.0,0.0,0.0,0,0,0,0,0,0
0059,G,0.0,0.0,0.0,0,0,0,0,0,0
0060,G,0.0,0.0,0.0,0,0,0,0,0,0
0061,R,17.5,17.79,17.8,579,427,372,254,198,194
0080,G,0.0,0.0,0.0,0,0,0,0,0,0
0081,G,0.0,0.0,0.0,0,0,0,0,0,0
1101,R,35.2,35.3,35.45,14152,17227,17746,18488,21338,25252
1102,G,39.9,39.85,39.9,3822,3562,5525,6929,5641,6446
1103,G,18.65,18.6,18.85,386,467,521,1259,928,639
1104,G,28.4,27.7,28.45,1812,1088,1250,2495,2543,1509
1107,G,0.0,0.0,0.0,0,0,0,0,0,0
1108,G,16.15,16.15,16.4,1075,1145,2005,1564,2039,1317
1109,G,18.1,18.1,18.15,268,177,324,238,255,208
1110,G,19.2,19.15,19.3,123,133,222,341,324,221
1201,G,19.15,19.0,19.15,189,260,399,506,488,415
1203,R,41.35,41.75,41.95,7,7,15,21,29,28
1210,G,54.3,53.8,54.5,1716,2390,6486,4462,3575,2274
1213,R,6.18,6.26,6.26,5,14,9,19,26,21
1215,R,96.2,96.9,97.0,462,573,795,1092,1515,945
1216,G,72.1,71.7,72.1,3298,3190,7297,7815,7294,7740
1217,G,13.2,13.15,13.25,3292,6177,9979,6930,4223,2914
1218,G,23.8,23.5,23.9,1148,1505,1306,2529,2643,2706
1219,G,19.95,19.9,20.05,371,303,462,762,1322,1111
1220,G,14.25,14.2,14.35,241,137,178,231,649,438
1225,R,55.0,55.6,56.1,9,18,95,198,160,94
1227,G,38.05,37.95,38.1,697,429,622,928,985,744
1229,R,59.6,59.7,60.0,1117,986,1434,1539,1506,1243
1231,R,83.5,83.7,84.0,169,334,303,287,300,252
1232,R,143.5,144.0,144.0,27,33,34,52,51,62
1233,R,35.45,36.0,36.0,3,5,20,43,36,23
1234,G,37.95,37.9,38.3,104,253,334,464,379,311
1235,R,81.7,83.2,83.2,6,4,35,16,19,20
1236,G,21.9,21.4,21.9,161,59,42,83,139,153
1240,G,46.6,46.6,46.6,11,22,31,27,58,46
1256,G,273.0,269.5,273.0,13,21,19,17,24,22
1258,G,0.0,0.0,0.0,0,0,0,0,70,200
1259,R,74.2,74.3,74.6,8,5,9,13,15,15
1262,G,0.0,0.0,0.0,0,0,0,0,0,0
1264,R,285.0,286.0,287.0,7,7,14,19,21,17
1268,R,141.0,145.5,146.0,238,173,281,337,353,275
1301,R,79.4,79.7,79.8,8129,7925,7108,9326,7535,7951
1303,R,65.5,65.8,66.0,3414,3971,4263,5528,5237,6318
1304,G,20.7,20.6,20.9,1005,1160,2398,1936,2018,2182
1305,G,23.1,23.05,23.3,855,1557,4663,2475,2234,2612
1307,R,23.25,23.65,23.85,426,282,506,1002,741,440
1308,R,23.6,23.75,23.9,643,860,1514,1197,1437,1617
1309,R,16.8,16.95,17.1,359,497,887,667,660,864
1310,R,15.25,15.5,15.5,827,805,1591,1544,3038,1742
1311,G,0.0,0.0,0.0,0,0,0,0,0,0
1312,R,16.4,16.5,16.6,1079,1517,2234,1833,2253,2877
1313,R,15.05,15.2,15.35,1358,1581,3979,3320,2252,1927
1314,R,9.22,9.27,9.3,5833,5075,9710,9019,9105,8308
1315,R,72.3,72.4,72.5,113,49,27,24,25,26
1316,G,11.1,10.7,11.1,2723,2709,1816,1259,1831,1513
1319,G,61.9,61.5,62.1,8054,7169,9297,6590,5911,5890
1321,G,34.4,34.25,34.4,90,109,108,109,189,188
1323,R,31.65,31.8,31.8,3,12,52,75,70,63
1324,G,11.75,11.75,11.9,159,94,69,73,61,45
1325,G,22.65,22.4,22.65,68,80,111,175,216,409
1326,G,60.7,60.7,61.0,4720,6039,4754,3778,3100,3113
1333,G,0.0,0.0,0.0,0,0,0,0,0,0
1336,G,21.65,21.6,21.95,53,52,98,178,328,559
1337,G,7.35,7.27,7.4,262,420,552,1410,1328,1151
1338,G,35.5,34.85,35.5,87,157,201,159,134,156
1339,G,46.2,46.15,46.5,89,134,160,153,240,208
1340,R,12.1,12.2,12.35,171,107,160,624,464,296
1341,G,67.5,67.5,67.5,27,13,12,10,10,13
1342,R,106.5,108.5,110.0,476,334,589,581,1470,2314
1402,G,28.45,28.35,28.45,7884,5161,5909,7015,6607,8595
1408,G,0.0,0.0,0.0,0,0,0,0,0,0
1409,G,16.4,16.4,16.45,2221,1893,1577,1828,2057,2191
1410,G,38.5,38.0,38.9,69,52,83,68,58,330
1413,G,8.47,8.42,8.47,165,53,39,56,55,93
1414,R,17.55,17.6,17.6,56,190,165,164,147,172
1416,G,10.25,10.2,10.3,35,142,169,374,490,339
1417,G,13.05,12.9,13.05,374,256,372,549,861,2732
1418,R,21.5,21.6,21.6,7,8,18,49,54,38
1419,G,42.85,42.5,42.85,82,99,72,180,126,95
1423,R,23.5,23.65,23.7,51,28,69,197,215,179
1432,G,16.55,16.45,16.6,116,160,374,898,1070,889
1434,R,25.55,25.6,25.65,936,972,1142,1287,1202,1114
1435,G,0.0,0.0,0.0,0,0,0,0,8,4
1436,R,63.6,64.1,64.1,23,31,39,62,85,62
1437,G,28.15,28.05,28.15,217,123,181,210,429,410
1438,R,29.9,30.0,30.55,43,18,63,79,164,112
1439,G,23.3,22.85,23.3,46,98,42,42,70,89
1440,R,14.8,14.85,14.9,503,525,778,932,970,1031
1441,G,0.0,0.0,0.0,0,43,106,91,76,62
1442,G,34.05,33.8,34.15,549,594,1004,959,984,1155
1443,G,28.2,28.2,28.4,49,21,35,29,62,214
1444,G,10.3,10.25,10.35,1579,4111,2001,3004,2818,3206
1445,R,19.95,20.25,20.3,263,128,193,284,274,222
1446,G,38.1,37.9,38.25,49,179,256,308,185,167
1447,G,7.58,7.54,7.58,679,722,830,959,1037,1120
1449,R,17.4,17.55,17.6,43,69,153,470,309,581
1451,R,18.85,18.95,19.05,104,142,162,222,319,378
1452,G,16.65,16.55,16.65,41,77,93,90,92,85
1453,G,13.65,13.6,13.7,62,76,247,252,307,518
1454,G,17.8,17.65,18.0,692,268,154,169,147,116
1455,G,9.4,9.37,9.44,412,399,442,482,559,632
1456,G,16.65,16.2,16.65,56,25,65,60,85,73
1457,G,17.55,17.5,17.55,295,143,148,204,230,244
1459,G,9.45,9.33,9.45,98,87,74,124,100,101
1460,G,7.82,7.71,7.82,849,948,1134,2141,2077,1307
1462,G,0.0,0.0,0.0,0,0,0,0,0,0
1463,G,15.2,15.2,15.3,94,258,199,189,138,127
1464,G,13.65,13.55,13.65,1332,603,367,330,352,294
1465,G,13.45,13.4,13.5,63,30,35,72,84,71
1466,G,11.15,11.15,11.3,254,118,72,58,54,64
1467,G,12.1,11.85,12.25,1806,1051,2235,2851,2333,2622
1468,G,12.8,12.75,12.8,38,39,36,42,48,54
1469,G,0.0,0.0,0.0,0,0,0,0,0,0
1470,G,19.75,19.7,19.8,8,20,19,33,57,43
1471,G,19.5,18.35,19.6,15582,16425,7007,6955,4499,2477
1472,R,43.1,44.7,44.7,38,158,138,218,133,74
1473,G,24.3,24.1,24.3,192,396,256,170,236,249
1474,G,11.75,11.6,11.75,518,190,163,185,178,205
1475,R,51.7,52.2,52.2,31,45,88,65,85,114
1476,G,492.0,491.5,495.0,613,469,923,854,782,803
1477,R,328.5,334.5,340.0,6072,4368,3890,4949,3297,2725
1503,G,133.0,132.5,134.5,2503,5283,5061,8639,10692,6058
1504,R,50.2,51.1,51.5,18707,16446,16336,25690,30336,17195
1506,G,17.55,17.4,17.55,80,81,125,248,369,437
1507,G,0.0,0.0,0.0,0,0,0,0,0,0
1512,R,13.15,13.35,13.45,72,48,40,55,69,208
1513,R,111.5,115.0,117.0,29533,19213,19403,28217,27565,23727
1514,G,55.1,54.5,55.6,3620,3246,4373,12869,13136,8504
1515,G,36.1,34.7,36.1,2266,1199,1228,1676,1092,907
1516,G,17.35,17.35,17.45,26,102,164,174,246,300
1517,G,16.0,15.75,16.0,235,239,305,336,402,966
1519,G,285.0,280.5,301.5,20025,20725,12387,11800,16305,11869
1520,G,0.0,0.0,0.0,0,0,0,0,0,0
1521,G,34.6,34.3,34.6,29,24,28,105,70,47
1522,G,31.1,30.65,31.25,988,863,2352,6772,4582,4225
1523,G,0.0,0.0,0.0,0,0,0,0,0,0
1524,R,20.9,20.95,21.15,656,657,753,2303,3499,6997
1525,G,81.3,81.1,82.0,119,89,152,875,578,309
1526,G,36.0,35.7,36.0,104,84,91,163,203,374
1527,G,38.9,38.8,38.9,1469,613,341,291,295,260
1528,G,12.65,12.45,12.65,1578,1549,2117,7693,4830,2650
1529,G,34.6,34.25,35.1,1910,2026,2628,6736,7578,6141
1530,G,30.0,29.85,30.0,5,28,33,38,43,38
1531,G,14.1,14.1,14.15,91,87,82,100,111,109
1532,G,35.5,35.25,35.9,694,1420,1943,1313,1037,701
1533,R,54.0,54.2,54.6,265,226,467,2394,1668,1024
1535,R,52.2,52.3,52.8,61,138,246,292,292,202
1536,G,64.4,64.2,64.5,357,600,645,968,909,1913
1537,G,134.5,133.0,134.5,202,436,225,132,100,98
1538,R,9.5,9.8,9.8,10,6,8,13,37,23
1539,G,28.15,27.85,28.2,306,283,210,260,539,1140
1540,G,18.7,18.05,18.75,767,813,651,1051,764,510
1541,G,30.7,30.7,31.0,34,34,72,87,66,61
1558,R,95.5,96.5,98.7,250,343,170,121,118,109
1560,G,131.5,128.0,132.5,2839,2398,3015,4730,3256,4317
1565,R,189.0,189.5,190.5,121,377,269,262,194,183
1566,G,0.0,0.0,0.0,0,0,0,0,0,0
1568,G,24.5,24.35,24.85,259,254,527,826,595,775
1569,G,21.8,21.65,21.8,187,578,452,262,355,414
1570,G,20.95,20.0,20.95,202,143,133,236,183,125
1580,R,123.5,124.0,125.0,100,132,267,274,290,185
1582,G,59.0,58.9,59.0,227,157,215,171,145,133
1583,G,64.7,64.3,64.7,5,5,8,15,25,16
1584,R,32.05,33.2,33.2,8638,4985,3909,5753,9094,9133
1586,G,31.15,31.0,31.15,48,118,96,105,122,112
1587,G,24.85,24.05,24.9,618,955,1351,581,335,238
1589,G,54.1,53.3,54.4,411,783,749,1411,2320,1464
1590,G,885.0,884.0,898.0,215,325,753,682,689,668
1591,G,41.7,41.7,42.1,679,821,1313,1752,1157,833
1592,G,0.0,0.0,0.0,0,0,0,0,0,0
1593,G,67.1,66.5,67.2,6,12,22,25,33,46
1595,R,38.15,38.45,38.5,10,21,44,58,51,39
1597,G,64.5,63.7,65.4,118,56,51,73,115,98
1598,R,31.6,31.65,32.1,108,107,449,503,413,394
1599,R,35.25,35.5,35.5,182,128,132,91,77,88
1601,G,0.0,0.0,0.0,0,0,0,0,0,0
1603,G,37.2,36.8,37.7,1974,2931,2204,2452,1713,1067
1604,G,27.3,27.2,27.4,200,322,522,1256,830,571
1605,R,36.05,36.25,36.35,19510,12692,30127,34364,36364,52648
1606,G,0.0,0.0,0.0,0,0,0,0,0,0
1608,G,20.15,20.1,20.4,1097,1257,4480,6161,5345,3320
1609,G,36.15,35.85,36.45,9685,13055,25988,44173,38072,22073
1611,G,17.2,17.15,17.45,507,699,1112,4167,4866,2959
1612,G,23.95,23.75,24.1,1071,1040,3818,5201,3467,2438
1613,G,0.0,0.0,0.0,0,0,0,0,0,0
1614,G,38.95,38.9,38.95,22,35,68,231,145,102
1615,G,40.0,40.0,40.0,159,103,423,209,168,113
1616,G,11.0,10.7,11.0,422,585,1807,1313,1054,601
1617,G,16.05,16.05,16.4,156,107,200,117,106,70
1618,G,24.45,24.3,24.8,1491,1470,3950,6327,4534,2909
1626,G,17.5,17.3,17.5,38,64,214,212,170,142
1701,G,23.0,22.95,23.15,343,538,672,1101,2062,4218
1702,G,47.8,47.7,47.95,142,178,443,514,481,374
1704,G,0.0,0.0,0.0,0,0,0,0,0,0
1707,R,152.0,153.0,154.0,242,387,472,393,453,550
1708,G,32.5,32.2,32.5,502,1012,1177,1568,2170,3468
1709,G,22.15,21.9,22.2,4211,2018,1234,935,1865,1416
1710,R,19.7,19.9,20.1,1561,2425,4121,4229,4196,2640
1711,G,19.2,19.2,19.4,559,528,1576,3807,4671,2960
1712,G,35.7,35.5,35.7,320,389,568,691,1296,1981
1713,R,32.3,32.35,32.4,57,41,112,128,123,98
1714,G,8.43,8.41,8.47,1172,774,1336,2051,1936,1819
1715,G,0.0,0.0,0.0,0,0,0,0,0,0
1716,G,0.0,0.0,0.0,0,0,0,0,0,0
1717,R,28.6,28.65,28.8,971,978,1549,1466,1746,1654
1718,G,7.97,7.96,8.03,926,1000,1941,2124,2678,2976
1720,G,63.0,62.7,63.2,613,677,1067,1297,2158,2330
1721,G,13.15,13.0,13.2,391,325,976,1274,2944,2158
1722,G,63.9,62.7,63.9,3690,2030,1944,1761,1639,1642
1723,G,111.0,111.0,111.5,115,98,226,404,305,287
1724,G,0.0,0.0,0.0,0,0,0,0,0,0
1725,R,20.05,20.15,20.25,11,10,38,42,127,160
1726,G,73.0,73.0,73.0,1,22,37,25,24,21
1727,G,29.2,28.95,29.4,406,486,2230,3057,3449,1999
1729,G,0.0,0.0,0.0,0,0,0,0,0,0
1730,G,58.1,58.0,58.1,9,11,36,27,24,24
1731,G,21.15,21.1,21.35,191,256,292,480,490,394
1732,G,24.45,24.3,24.5,55,78,95,166,187,586
1733,G,26.2,26.15,26.45,99,98,169,521,423,391
1734,G,32.4,32.4,32.6,455,654,961,2168,1729,2362
1735,R,16.6,16.75,16.75,8,12,14,24,71,40
1736,R,71.1,74.2,74.5,1059,699,889,1285,924,1867
1737,G,35.75,34.05,35.8,4935,2729,893,643,411,289
1742,G,16.55,16.35,16.55,103,81,516,483,420,245
1752,G,53.8,53.0,54.3,393,455,658,1388,2932,4623
1760,G,103.0,101.0,103.5,1147,1486,1378,1630,3259,8386
1762,G,62.8,62.4,63.8,390,612,840,1583,2911,2060
1773,G,130.0,130.0,131.5,157,112,187,217,244,291
1776,G,16.85,16.55,16.85,43,26,45,85,263,142
1777,G,86.0,85.1,86.0,64,46,65,88,146,161
1781,G,12.7,12.6,12.7,27,16,38,41,48,129
1783,R,54.4,55.3,55.9,412,428,1239,1327,1798,1942
1784,G,67.1,66.3,67.2,365,558,1334,1169,1665,1078
1785,R,35.8,36.0,36.35,1436,1370,6156,4458,3300,2580
1786,R,80.1,80.6,81.8,137,170,460,1001,868,691
1787,G,0.0,0.0,0.0,0,0,0,0,0,0
1788,G,139.0,139.0,139.0,16,15,23,26,28,26
1789,G,27.1,26.85,27.25,951,1218,2021,3109,2163,1935
1795,G,251.5,249.5,256.0,4694,5049,8877,9884,10197,13636
1796,R,93.5,95.2,95.5,59,113,152,225,509,357
1799,R,21.9,21.95,21.95,8,13,26,75,95,60
1802,G,18.75,18.3,18.75,10013,7499,32752,19828,12191,10773
1805,R,9.7,10.75,10.75,762,169,115,66,44,43
1806,G,9.18,9.11,9.23,626,368,607,3273,1861,1209
1807,G,0.0,0.0,0.0,0,0,0,0,0,0
1808,G,84.0,82.5,84.3,348,1312,1072,583,438,374
1809,R,13.95,14.05,14.1,439,382,1422,2006,2316,1672
1810,R,19.55,19.9,20.1,2570,1630,1470,3089,5101,6334
1813,G,19.2,19.15,19.3,27,32,30,35,38,69
1815,G,13.45,13.4,13.55,2317,2133,9521,6580,3755,2776
1817,G,36.3,36.0,36.3,56,41,92,77,109,102
1902,G,0.0,0.0,0.0,0,0,0,0,0,0
1903,G,55.6,54.6,55.6,537,606,2432,2053,1345,714
1904,G,28.1,27.85,28.3,2317,2362,6261,5836,5225,2994
1905,G,23.4,22.85,23.4,8508,7733,35234,30143,22917,11848
1906,G,15.5,15.45,15.5,60,127,166,187,394,411
1907,G,30.25,29.95,30.45,2308,2362,7632,11080,8693,5262
1909,G,14.75,14.55,14.75,728,953,2798,2574,3292,3290
2002,G,26.6,26.5,26.7,22567,21637,25537,20988,19925,24434
2006,G,59.4,58.0,59.4,1849,1070,2137,1520,1607,1691
2007,G,9.62,9.57,9.66,239,233,529,499,541,1150
2008,R,19.75,19.8,19.8,47,28,44,43,135,84
2009,G,29.55,29.55,30.15,877,1039,3683,1865,1840,3752
2010,G,16.85,16.8,17.0,561,389,919,1191,836,688
2012,G,24.2,24.15,24.25,44,38,46,137,184,140
2013,R,55.5,56.0,56.0,80,54,95,87,112,197
2014,G,22.75,22.6,22.85,2770,5244,11807,8813,7917,12147
2015,G,68.0,67.8,68.1,130,131,162,183,246,252
2017,G,14.35,14.25,14.45,576,604,1083,1286,1443,1177
2020,G,25.5,25.4,25.6,459,315,808,672,405,341
2022,G,0.0,0.0,0.0,0,0,1620,1307,1715,1256
2023,G,15.15,15.05,15.15,1888,1358,2461,2256,2130,3080
2024,R,15.6,15.8,15.9,66,51,51,34,30,39
2025,G,5.71,5.68,5.72,311,378,503,482,509,401
2027,R,35.8,35.95,36.0,3616,5330,12544,10195,9546,10582
2028,R,23.35,23.6,23.6,166,249,361,519,433,806
2029,G,23.5,23.35,23.5,143,141,235,317,289,347
2030,G,18.25,18.1,18.3,569,509,1042,1032,926,1385
2031,G,45.45,45.3,45.8,1418,1662,3179,2325,3122,2551
2032,G,16.8,16.55,16.9,77,105,182,149,168,520
2033,R,14.2,14.25,14.3,22,57,114,107,141,298
2034,G,27.0,26.9,27.2,443,428,532,652,741,1293
2035,R,31.9,32.2,32.2,57,25,22,20,20,18
2038,G,18.55,18.5,18.6,396,363,457,422,468,964
2049,R,199.0,199.5,201.0,614,705,1389,1488,1791,1869
2059,G,980.0,925.0,985.0,2255,1966,2614,1906,1274,828
2061,G,16.15,15.9,16.25,70,29,161,100,97,182
2062,G,21.8,21.8,21.9,105,110,111,155,188,249
2063,G,49.5,49.5,49.65,6,19,45,96,124,127
2064,G,16.75,16.75,16.75,5,24,33,37,37,45
2065,R,57.5,57.6,57.7,73,60,88,121,184,140
2066,R,80.1,80.6,81.0,288,222,330,414,430,447
2067,G,14.0,13.8,14.1,51,27,36,125,82,53
2069,G,16.7,16.6,16.7,111,116,159,190,203,371
2070,R,29.9,30.0,30.25,5,6,19,17,30,50
2073,R,30.6,31.1,31.1,44,27,37,74,37,18
2101,G,38.5,38.4,38.55,214,560,550,906,891,795
2102,G,17.2,17.1,17.2,153,139,164,345,463,640
2103,G,23.4,23.15,23.45,662,639,1008,1189,1340,1220
2104,G,19.7,19.7,19.85,757,1273,3169,4178,3250,2379
2105,G,38.15,37.85,38.15,3000,2841,3766,5691,5329,4887
2106,G,29.8,29.4,29.8,339,464,480,615,639,679
2107,G,21.4,21.4,21.5,368,266,316,433,363,276
2108,G,35.95,35.75,35.95,219,178,287,511,783,899
2109,R,14.1,14.15,14.15,81,179,176,322,239,175
2114,R,99.2,99.3,99.3,17,17,20,30,28,28
2115,R,30.15,30.4,30.5,50,41,49,75,87,61
2201,G,74.7,74.5,75.2,2383,2826,6368,11521,13888,18356
2204,G,84.7,84.3,85.1,2092,1967,3023,4517,5475,3752
2206,G,71.8,71.8,72.4,5062,4941,12249,16876,17299,10661
2207,R,681.0,692.0,694.0,117,161,240,298,282,264
2208,R,22.45,22.9,23.2,5495,2916,2714,3347,8613,6281
2211,G,68.4,67.5,68.5,1583,3050,2662,3361,2243,1766
2221,G,33.4,33.4,33.45,36,50,102,107,184,175
2227,R,190.0,191.0,191.0,7,8,27,32,35,39
2228,G,87.0,86.5,88.3,133,162,352,826,544,470
2230,R,111.0,119.5,120.0,2075,888,578,1065,1379,1770
2231,G,144.0,144.0,145.5,375,252,360,535,967,942
2233,G,99.0,98.8,99.1,79,103,169,155,307,225
2235,G,43.0,42.7,43.0,5,8,8,20,19,20
2236,R,66.8,67.5,68.5,551,531,399,770,677,621
2239,G,64.0,64.0,64.7,25,79,93,247,225,173
2241,G,37.95,36.95,37.95,221,295,667,520,321,184
2243,G,15.0,14.9,15.15,90,233,254,199,795,610
2247,R,309.0,312.0,312.0,115,74,161,480,439,248
2250,G,70.4,70.2,70.4,9,34,37,54,38,36
2301,G,155.0,151.5,157.5,70561,52295,74977,56129,32160,20010
2302,G,17.75,17.65,18.0,398,259,428,1243,2290,1537
2303,R,43.9,44.35,44.4,38399,35339,39569,50156,48837,58059
2305,G,20.05,19.85,20.25,269,219,739,664,735,2981
2308,R,352.0,357.0,357.5,8545,6318,9139,10215,8223,7211
2311,G,0.0,0.0,0.0,0,0,0,0,0,0
2312,G,17.15,16.6,17.25,15899,14131,28072,32739,18601,13948
2313,G,43.8,43.7,44.05,4054,5461,8083,9760,9895,11701
2314,R,39.25,39.9,40.95,1713,978,844,1182,1801,1618
2315,G,0.0,0.0,0.0,0,0,0,0,0,0
2316,G,36.2,35.0,36.5,2217,2119,5019,3764,1973,1055
2317,R,109.0,109.5,110.5,51036,21828,29923,40929,35603,35278
2321,G,16.35,16.05,16.35,3,9,9,9,12,15
2323,G,13.15,13.15,13.4,20731,20042,24110,41968,25638,14498
2324,G,35.2,33.95,35.5,86411,76180,69758,54836,37795,25967
2325,G,0.0,0.0,0.0,0,0,0,0,0,0
2326,G,0.0,0.0,0.0,0,0,0,0,0,0
2327,G,474.5,471.5,474.5,1111,1068,1621,2313,2616,2959
2328,R,38.9,39.1,39.1,3532,2183,3131,7562,5378,4517
2329,G,48.0,45.85,48.4,50240,52338,46891,34521,19280,11013
2330,R,563.0,564.0,564.0,24410,19773,21617,25184,25780,32471
2331,R,32.2,35.2,35.2,52204,17612,7416,10759,8591,5756
2332,G,25.75,25.65,26.3,35272,46108,18138,12683,8698,5695
2336,G,0.0,0.0,0.0,0,0,0,0,0,0
2337,G,31.55,31.15,31.65,6326,5302,6480,10798,9583,9499
2338,G,70.6,69.8,72.0,3432,3078,2692,2693,3266,5460
2340,G,48.8,48.25,49.25,3160,3040,6618,13928,8081,5333
2341,G,0.0,0.0,0.0,0,0,0,0,0,0
2342,G,35.15,35.0,35.6,616,410,683,909,2241,1868
2344,R,26.15,26.25,26.4,21771,17700,32912,34430,36008,26435
2345,R,481.0,514.0,514.0,8284,7945,4945,4486,4063,3667
2347,G,59.4,59.1,59.7,1960,2417,2516,4058,3511,4050
2348,R,67.9,68.0,68.0,42,77,90,121,90,92
2349,G,8.4,8.38,8.47,867,899,1223,2465,2347,1744
2350,G,0.0,0.0,0.0,0,0,0,0,0,0
2351,G,102.0,99.0,102.0,812,560,1049,1721,1988,2085
2352,G,45.85,45.55,46.65,14009,10020,18241,19865,14542,9484
2353,G,38.95,38.0,38.95,29658,25722,27736,37990,25896,18105
2354,R,55.4,55.5,56.2,2188,1553,2753,4153,3143,3077
2355,G,38.0,36.6,38.15,12425,11237,5936,3266,2135,1501
2356,G,62.9,58.6,63.3,95404,69252,77475,88108,52454,31115
2357,G,432.0,428.0,438.0,22541,14860,13403,7743,4970,3820
2358,G,9.6,9.42,9.7,288,488,619,910,1050,2364
2359,G,41.2,41.0,42.0,10837,9872,7362,8709,8763,5646
2360,R,294.0,295.0,305.0,8235,3554,3330,3224,2651,2112
2361,G,0.0,0.0,0.0,0,0,0,0,0,0
2362,G,32.0,31.8,32.25,515,603,742,1652,1297,774
2363,G,34.75,34.3,36.3,297118,195467,85760,30196,15823,9002
2364,G,79.9,77.7,80.2,109,117,164,171,419,1283
2365,G,11.2,11.15,11.35,570,311,536,1074,724,540
2367,G,17.2,17.0,17.3,3824,3532,3270,2779,2931,9883
2368,G,219.0,216.5,225.5,26387,24049,20297,17816,14966,12739
2369,G,17.7,17.5,17.95,2452,1418,4128,3479,2164,1649
2371,R,50.1,51.0,51.3,9623,10955,17446,41613,29090,18460
2373,G,75.8,75.8,75.8,22,18,38,86,74,67
2374,G,23.5,22.9,23.6,2610,5251,2264,1620,1196,977
2375,G,61.6,61.5,62.8,213,172,261,371,1083,869
2376,G,356.0,354.0,367.5,70003,38011,32712,30246,19877,14439
2377,G,175.0,173.0,175.0,3173,4385,5360,5716,4590,4444
2379,R,413.0,425.5,426.0,2132,1960,2818,2485,2515,3360
2380,G,9.61,9.6,9.76,202,209,430,810,686,897
2381,G,0.0,0.0,0.0,0,0,0,0,0,0
2382,G,282.0,262.5,282.0,160444,117567,124551,89706,54335,30938
2383,G,450.0,445.0,462.0,11765,8587,12200,9077,5999,4555
2384,G,0.0,0.0,0.0,0,0,0,0,0,0
2385,R,102.5,103.5,104.0,2320,1932,3600,3416,2785,2320
2387,G,45.0,44.7,45.35,1538,1095,1299,1230,1339,1037
2388,G,119.5,113.5,121.0,20047,15004,19159,18688,16653,21363
2390,G,12.1,11.95,12.15,375,279,431,582,630,794
2391,G,0.0,0.0,0.0,0,0,0,0,0,0
2392,G,43.3,43.05,43.3,1625,2048,2330,2455,2093,1840
2393,G,46.7,46.35,47.15,784,1817,1926,2239,1876,1365
2395,G,350.5,349.5,352.0,1130,997,1283,1233,1063,946
2396,G,0.0,0.0,0.0,0,0,0,0,0,0
2397,R,68.4,68.5,69.4,28,60,123,202,175,112
2399,R,24.0,25.4,25.55,21076,6692,4810,9776,6885,4875
2401,G,31.45,31.1,31.9,11065,12221,10342,8417,4947,3706
2402,R,37.0,37.85,38.2,13541,16385,20471,17858,18120,11456
2403,G,0.0,0.0,0.0,0,0,0,0,0,0
2404,G,221.0,218.5,221.5,930,1126,1658,1562,1442,1131
2405,R,14.85,14.9,15.25,3649,2860,7663,10595,6039,4750
2406,G,15.7,15.6,15.9,696,539,776,1096,1567,1863
2408,R,64.3,65.3,65.8,5964,5873,8368,10109,11416,10742
2409,G,17.9,17.9,18.1,22427,22654,55368,49827,42283,46906
2410,G,0.0,0.0,0.0,0,0,0,0,0,0
2411,G,0.0,0.0,0.0,0,0,0,0,0,0
2412,R,116.5,117.5,118.0,6309,5899,6268,7934,8124,8557
2413,G,27.8,27.65,28.15,516,538,911,1802,4091,4039
2414,G,33.0,32.85,33.05,93,60,144,164,145,175
2415,R,32.3,32.8,34.55,2665,2936,1670,1028,563,380
2417,G,20.95,20.8,21.2,216,150,189,296,538,631
2418,G,0.0,0.0,0.0,0,0,0,0,0,0
2419,G,42.0,40.5,44.95,42681,15682,10657,16461,9735,7115
2420,G,45.05,44.85,45.7,239,351,664,505,403,272
2421,G,149.5,144.5,156.0,46611,37422,21818,22854,16728,9147
2423,R,33.65,33.95,34.4,416,295,341,516,601,377
2424,R,33.25,36.55,36.55,200,58,75,147,120,80
2425,G,53.2,52.7,54.2,6428,6043,7913,8990,5420,3760
2426,G,17.65,17.5,17.85,396,328,1824,1085,928,675
2427,G,22.9,22.55,23.25,1430,1691,3310,10022,7882,4113
2428,G,155.0,153.5,156.0,622,555,1380,972,913,709
2429,G,18.6,17.6,18.6,68,82,44,65,188,105
2430,R,38.5,38.85,39.1,129,103,223,176,320,222
2431,G,10.8,10.55,10.85,137,104,178,443,480,331
2432,G,44.0,44.0,44.0,6,4,10,48,24,12
2433,R,50.8,51.0,51.0,15,15,21,51,45,33
2434,R,30.05,30.85,30.95,25,12,18,23,34,36
2436,G,60.5,60.4,62.9,6951,2564,2037,4122,2958,2669
2437,G,0.0,0.0,0.0,0,0,0,0,0,0
2438,G,22.35,22.35,22.45,43,68,230,270,543,307
2439,R,90.4,90.7,91.4,821,593,568,1004,838,1074
2440,G,15.1,14.7,15.6,3253,1767,1976,786,520,365
2441,G,61.0,59.7,61.0,1622,1899,1570,1265,1105,1503
2442,R,18.55,18.95,19.0,1111,1756,1649,1777,2556,1534
2443,G,3.39,3.33,3.39,128,110,107,186,301,192
2444,G,12.4,12.4,12.45,241,252,599,1083,1046,1505
2446,G,0.0,0.0,0.0,0,0,0,0,0,0
2447,G,0.0,0.0,0.0,0,0,0,0,0,0
2448,G,0.0,0.0,0.0,0,0,0,0,0,0
2449,G,83.5,78.5,83.5,95058,52025,24261,21038,15649,10653
2450,R,36.0,36.05,36.3,185,136,202,268,235,162
2451,R,71.1,71.5,71.5,239,209,350,903,692,505
2452,G,0.0,0.0,0.0,0,0,0,0,0,0
2453,G,52.4,51.0,52.9,1531,1134,2893,5302,9528,5638
2454,R,682.0,691.0,692.0,6429,3674,5899,6978,6652,6593
2455,G,128.5,127.0,129.5,1547,1501,4794,5559,4948,4038
2456,G,0.0,0.0,0.0,0,0,0,0,0,0
2457,G,69.4,69.0,71.0,7904,11694,9100,18610,32039,19719
2458,R,115.5,116.0,118.5,2514,1473,3938,2945,2172,2295
2459,R,58.0,58.1,58.1,36,37,76,86,74,67
2460,R,25.9,27.05,27.05,4330,2690,2853,1700,1150,819
2461,G,22.85,22.65,23.5,1662,1241,2606,3919,2485,1377
2462,R,38.5,39.25,39.25,3095,2806,4049,2283,1645,1067
2463,G,0.0,0.0,0.0,0,0,0,0,0,0
2464,G,38.5,38.45,39.7,3042,1108,2508,1261,752,516
2465,G,37.1,36.4,37.5,466,280,578,658,657,2481
2466,G,36.35,36.25,36.5,11,10,12,19,19,39
2467,R,44.5,44.65,44.7,77,80,266,412,307,221
2468,R,28.1,29.2,29.85,2525,961,1318,3958,2760,4219
2469,G,0.0,0.0,0.0,0,0,0,0,0,0
2471,G,51.5,50.1,51.5,429,388,1893,2026,6611,3887
2472,G,54.8,54.2,55.1,258,249,753,455,756,606
2473,G,0.0,0.0,0.0,0,0,0,0,0,0
2474,G,168.5,168.0,169.0,1468,1847,1886,2132,1931,2647
2475,G,0.0,0.0,0.0,0,0,0,0,0,0
2476,R,44.75,45.95,45.95,298,388,606,658,1563,1655
2477,G,20.35,19.9,20.35,31,45,51,57,62,93
2478,G,44.15,44.1,44.45,66,77,93,199,229,199
2479,G,0.0,0.0,0.0,0,0,0,0,0,0
2480,R,113.0,114.5,116.5,372,272,1102,1014,989,592
2481,G,62.9,62.6,63.8,1606,1477,3129,6138,5479,4800
2482,G,51.2,50.1,51.4,1043,998,1751,5944,9298,6886
2483,G,24.1,24.1,24.2,84,79,124,282,330,632
2484,R,34.15,34.2,34.55,432,422,530,800,1733,2249
2485,R,24.0,25.1,25.1,24089,10628,4219,2975,2083,1572
2486,G,49.25,48.75,49.75,14371,9878,5712,9115,7177,5188
2488,G,38.5,37.3,38.9,771,540,652,362,264,223
2489,G,12.25,12.2,12.4,1163,960,2227,6002,4732,3435
2491,G,14.3,13.9,14.35,33,59,63,178,235,178
2492,G,96.4,95.4,96.5,1321,1655,1949,2480,3024,2682
2493,R,66.7,67.2,67.4,501,458,469,468,384,267
2494,G,0.0,0.0,0.0,0,0,0,0,0,0
2495,G,20.4,20.3,20.8,1122,2193,2017,3334,5256,4199
2496,R,51.4,51.5,51.6,35,43,42,26,39,33
2497,G,62.2,61.7,62.9,580,396,694,1083,1473,3956
2498,G,51.8,51.1,52.0,2980,3378,6653,8424,10947,21955
2499,G,0.0,0.0,0.0,0,0,0,0,0,0
2501,G,15.0,14.9,15.05,630,566,819,884,761,695
2504,G,26.6,26.6,26.7,667,941,2165,2836,2885,2372
2505,G,18.85,18.8,18.95,158,250,431,337,298,229
2506,G,9.08,9.05,9.12,93,124,156,258,268,278
2509,G,14.9,14.75,14.9,23,38,48,98,77,62
2511,G,11.0,11.0,11.0,236,253,386,445,508,572
2514,G,16.3,16.3,16.3,95,87,86,245,179,165
2515,G,10.0,9.94,10.1,2930,4273,6238,19631,18589,10764
2516,G,7.52,7.28,7.54,2455,5059,3074,1249,735,450
2520,G,31.3,31.3,31.65,589,1766,2716,1550,1127,1022
2524,G,31.5,31.2,31.5,15,22,24,30,68,54
2526,G,0.0,0.0,0.0,0,0,0,0,0,0
2527,R,22.3,22.5,22.65,95,99,101,129,152,148
2528,G,28.3,28.2,28.7,236,377,338,408,467,342
2530,G,25.35,25.0,25.35,571,478,1047,1117,1106,1215
2534,R,19.35,19.5,19.85,1109,1848,1290,1488,1572,1324
2535,G,33.2,33.0,33.3,431,376,443,459,757,540
2536,R,25.0,25.05,25.15,425,359,542,457,361,283
2537,G,7.38,7.38,7.45,904,1075,644,847,819,770
2538,G,15.7,14.45,15.85,7331,4411,2123,1065,903,889
2539,G,41.5,40.4,42.55,3679,1564,890,624,499,424
2540,G,95.1,94.0,95.1,611,523,536,459,387,377
2542,G,42.3,42.3,42.4,1609,2244,2246,2328,2714,3981
2543,G,11.15,10.95,11.55,1130,836,735,416,259,192
2545,R,38.65,38.7,38.85,108,116,163,404,462,357
2546,G,73.7,73.4,73.7,124,141,174,169,204,145
2547,G,8.8,8.77,8.86,443,409,562,725,777,756
2548,R,88.9,89.3,89.6,251,674,710,617,772,559
2596,R,22.15,22.25,22.3,84,45,79,66,110,84
2597,G,101.5,101.5,102.0,35,25,47,108,101,99
2601,G,8.7,8.55,8.77,2165,3996,2110,2199,3269,2863
2603,G,106.0,106.0,107.0,9394,20061,23183,40388,33719,34082
2605,G,20.7,20.1,20.85,9265,19381,7196,4122,5997,5027
2606,G,46.0,45.75,46.3,7378,23330,9534,6131,6461,7102
2607,G,28.6,28.0,28.7,2104,3235,2337,2378,2298,4322
2608,G,36.65,36.65,36.75,80,178,267,253,208,271
2609,G,42.9,41.95,42.95,24380,22692,22495,40737,35502,39833
2610,G,23.9,23.85,24.1,33893,48267,68494,113668,75807,68900
2611,G,13.2,12.8,13.25,533,1746,822,1048,1113,1148
2612,G,40.9,40.35,41.85,654,2124,1843,852,757,1096
2613,R,20.7,20.75,21.0,61,236,125,138,236,514
2614,G,0.0,0.0,0.0,0,0,1248,1536,1934,3226
2615,G,47.8,46.0,47.8,10526,9326,6221,9638,10074,14561
2616,R,30.55,30.65,30.65,96,163,252,215,232,213
2617,G,28.95,28.55,28.95,1417,4941,2136,1621,1792,1641
2618,G,33.4,33.3,33.7,64917,148661,98262,136703,96031,78370
2628,G,0.0,0.0,0.0,0,0,0,0,0,0
2630,R,32.4,33.2,34.5,8661,5156,5087,8316,6900,3488
2633,R,29.45,29.6,29.75,1606,1808,2890,3722,4437,3941
2634,R,59.2,61.4,62.4,79449,40610,20421,23240,33332,22100
2636,G,75.0,73.5,75.0,386,694,582,877,1165,1280
2637,G,44.65,43.6,44.65,4613,10280,5943,4838,5257,7295
2640,R,105.5,107.0,110.0,119,113,177,174,227,145
2641,G,15.7,15.35,15.7,2690,4391,1785,1397,2855,3203
2642,R,40.5,40.55,40.8,42,45,62,93,96,238
2643,G,68.0,68.0,68.0,21,27,44,84,82,70
2645,R,115.0,123.0,124.5,10813,7701,5324,3503,3267,1633
2701,G,12.85,12.7,12.85,194,205,393,1664,1287,793
2702,G,21.5,20.9,21.5,385,262,355,1322,1043,955
2704,G,54.8,54.8,55.0,247,220,345,629,591,420
2705,G,17.1,16.95,17.15,911,1148,1376,7220,4553,2628
2706,G,15.15,15.1,15.3,252,272,442,3242,2226,1309
2707,G,223.5,223.0,224.0,615,714,714,1507,1629,1681
2712,R,34.7,34.8,35.0,72,49,63,435,334,214
2718,R,45.1,45.9,46.85,9,15,21,46,34,20
2719,G,60.0,58.0,60.1,66,96,343,410,297,172
2722,G,57.1,56.8,57.8,263,309,547,2030,1859,1043
2723,G,108.0,106.5,108.0,661,630,697,865,1434,1545
2724,R,12.7,14.2,14.2,96,19,7,8,6,4
2726,R,21.6,21.85,22.1,13,36,64,76,106,97
2727,G,285.0,280.0,285.0,877,550,1244,1701,2924,2311
2729,G,292.5,284.5,292.5,146,169,394,299,330,242
2731,G,133.5,131.5,134.0,942,1218,2740,4283,5193,4295
2732,G,124.5,122.5,124.5,201,273,363,571,1180,1336
2734,G,41.2,39.65,41.25,465,457,736,1669,1324,831
2736,G,35.3,34.85,35.45,760,777,1320,3710,3733,2967
2739,G,42.05,41.1,42.05,248,317,384,978,1096,643
2740,G,37.1,37.1,37.1,1,0,1,1,2,4
2743,G,121.0,121.0,123.0,190,168,1515,2421,2184,2522
2745,G,77.0,74.8,77.0,568,831,1005,1038,803,511
2748,G,72.5,71.7,73.3,938,1426,4085,6964,6366,4615
2752,G,251.5,250.0,254.5,4,6,7,9,16,27
2753,G,170.5,170.5,173.5,676,266,541,852,1011,1134
2754,G,142.5,138.5,142.5,471,218,192,453,611,829
2755,R,107.0,108.5,108.5,30,47,54,127,117,69
2756,R,96.2,102.0,102.0,68,41,35,24,46,41
2801,R,17.3,17.35,17.35,4954,5874,15970,18027,14362,10321
2809,G,36.6,36.55,36.6,721,782,1205,1594,1286,1839
2812,G,14.65,14.65,14.65,1928,3385,4362,5803,6173,5568
2816,G,20.9,20.65,20.9,161,822,790,391,250,151
2820,G,14.6,14.6,14.65,565,651,857,814,712,750
2823,G,0.0,0.0,0.0,0,0,0,0,0,0
2827,G,0.0,0.0,0.0,0,0,0,0,0,0
2832,R,23.0,23.05,23.05,74,259,335,357,290,211
2833,G,0.0,0.0,0.0,0,0,0,0,0,0
2834,G,13.8,13.8,13.85,5108,9433,19378,17294,21102,26732
2836,G,12.2,12.2,12.3,146,384,649,472,480,465
2837,G,0.0,0.0,0.0,0,0,0,0,0,0
2838,G,14.6,14.6,14.7,1661,1096,1278,1153,985,1774
2841,G,0.0,0.0,0.0,0,0,0,0,0,0
2845,G,11.6,11.55,11.65,3704,3426,4290,6283,5631,6032
2847,G,0.0,0.0,0.0,0,0,0,0,0,0
2849,G,13.95,13.85,14.15,61,51,48,80,80,71
2850,R,56.1,56.5,56.5,123,195,195,200,218,317
2851,G,23.5,23.45,23.6,1250,2513,2947,2535,2268,2001
2852,R,15.95,16.0,16.0,200,159,189,213,276,286
2854,G,0.0,0.0,0.0,0,0,0,0,0,0
2855,R,19.15,19.2,19.35,711,826,1924,1730,1246,978
2856,G,0.0,0.0,0.0,0,0,0,0,0,0
2867,G,5.09,5.06,5.09,4550,3439,5493,7704,12367,12608
2880,G,20.85,20.7,20.9,17596,10036,10642,10212,10165,10183
2881,R,62.9,63.3,63.4,6799,8508,15440,16138,14046,14344
2882,G,44.7,44.65,44.85,19449,13110,19864,20210,19665,23855
2883,G,11.85,11.75,11.85,29918,25556,37919,39696,36481,33645
2884,G,24.55,24.4,24.6,22139,14634,18367,18404,19668,23289
2885,R,24.2,24.45,24.5,13337,12594,19223,19858,15887,17214
2886,R,35.5,35.85,36.05,20102,18283,22973,23514,18655,18191
2887,G,17.8,17.8,17.85,10783,9469,15480,18851,16660,17035
2888,G,9.32,9.32,9.33,29988,26686,68975,70480,51100,39811
2889,G,11.75,11.75,11.8,1717,2040,2952,4190,5852,6176
2890,R,17.2,17.25,17.3,11508,11691,22533,21748,19845,22690
2891,R,23.7,23.85,24.0,26453,34092,46942,38249,33663,35204
2892,R,26.4,26.45,26.6,16033,14194,21194,16386,14505,15370
2897,G,9.27,9.22,9.32,4043,3572,5324,4395,5171,4112
2901,G,25.95,25.5,25.95,9,17,18,95,72,51
2903,R,22.05,22.15,22.2,1053,580,1124,1547,1601,1311
2904,R,19.1,19.2,19.25,22,29,37,42,69,62
2905,G,13.9,13.6,13.9,1494,612,419,437,392,474
2906,G,17.65,17.5,17.8,484,909,960,1419,1049,1413
2908,G,20.15,20.1,20.15,191,222,317,313,291,200
2910,R,28.4,28.5,28.5,9,6,5,10,10,17
2911,G,6.99,6.96,6.99,48,95,130,200,193,243
2912,R,268.5,269.0,270.0,442,623,1126,1155,1111,1224
2913,G,23.5,23.15,23.55,6673,8758,44633,21181,14977,8309
2915,G,59.5,59.5,59.7,1611,2091,2409,2499,2767,4013
2916,G,44.8,44.25,44.8,63,96,181,323,337,243
2921,G,0.0,0.0,0.0,0,0,0,0,0,0
2923,G,22.45,22.45,22.6,71,24,21,56,43,33
2924,R,27.0,28.6,28.6,7,3,2,6,9,7
2926,G,0.0,0.0,0.0,0,3,13,17,29,30
2928,G,0.0,0.0,0.0,0,0,0,0,0,0
2929,G,10.2,10.2,10.3,167,197,321,476,957,2049
2936,G,0.0,0.0,0.0,0,0,0,0,0,0
2937,G,29.85,29.85,29.95,5,27,20,23,20,17
2939,G,27.8,27.65,28.1,67,32,22,85,80,122
2945,R,40.55,40.6,40.6,25,15,15,17,21,22
2947,G,88.0,88.0,88.0,5,5,12,12,11,9
3002,G,13.35,13.2,13.5,189,106,113,408,358,301
3003,G,71.0,70.1,71.7,1124,527,878,1980,1723,1210
3004,R,102.0,104.5,108.5,6153,2017,2459,1238,1624,989
3005,R,70.1,70.5,70.9,2450,3789,3499,4833,5935,3540
3006,G,71.4,70.5,71.7,1188,839,2308,4009,6482,5799
3008,G,1990.0,1930.0,1990.0,1270,721,530,683,674,667
3009,G,0.0,0.0,0.0,0,0,0,0,0,0
3010,G,88.0,88.0,88.4,322,298,546,518,424,311
3011,R,33.45,34.05,34.35,2250,1484,1934,2545,3259,2093
3013,G,50.6,46.95,51.4,47470,39300,21004,21887,15979,9669
3014,G,140.0,138.5,141.5,2780,3329,5791,3731,2528,1619
3015,R,49.1,49.15,49.7,505,445,355,673,584,335
3016,G,58.2,58.2,59.2,698,430,713,1324,1013,1197
3017,R,371.0,387.0,391.5,23147,13680,18933,18026,15891,10989
3018,R,9.88,10.0,10.0,27,106,72,231,115,73
3019,G,63.1,62.4,63.4,413,326,993,1472,1496,1273
3020,G,0.0,0.0,0.0,0,0,0,0,0,0
3021,G,29.85,26.4,29.85,8596,3502,1783,712,432,354
3022,R,79.9,80.0,80.9,795,688,1263,2899,3479,3617
3023,G,324.0,319.5,326.5,621,429,810,846,707,662
3024,G,16.75,16.5,17.15,1156,1398,2862,3215,2351,1734
3025,G,44.3,42.5,44.45,2491,3996,5189,13680,10999,6648
3026,R,94.0,94.5,94.5,100,88,175,242,248,210
3027,G,43.35,42.45,43.45,1559,1339,2646,6632,7736,8859
3028,G,30.3,30.25,30.4,273,269,412,843,749,530
3029,G,62.2,61.2,62.6,1201,1117,6854,4650,7313,3968
3030,R,59.0,59.2,59.3,162,157,286,478,444,451
3031,R,17.1,17.15,17.4,158,144,176,796,516,320
3032,G,65.4,63.0,65.9,5930,6406,10400,10805,8233,4157
3033,G,29.25,28.95,29.45,1541,2471,4260,5173,3511,2200
3034,R,387.0,390.0,392.5,2325,3102,4329,4751,4808,5493
3035,G,352.0,333.0,356.0,29192,27776,17368,19373,16128,18961
3036,G,69.8,68.8,69.8,1078,2486,2410,1565,1192,1488
3037,R,183.0,189.0,191.5,50439,20329,23872,29707,29127,30805
3038,G,34.15,34.15,34.3,1667,1990,3504,6525,6019,3532
3040,R,29.6,29.8,29.8,20,21,27,35,28,25
3041,G,17.65,17.4,17.8,774,605,810,838,934,959
3042,R,94.2,95.0,95.2,5319,6315,3506,2652,1885,1578
3043,G,60.6,59.9,61.3,1502,3747,2612,1189,732,683
3044,R,196.0,197.0,202.5,22029,17020,21790,11550,6860,4121
3045,R,93.5,93.6,93.9,2121,2488,2834,3953,3559,3521
3046,G,69.0,68.3,69.8,807,693,976,4673,7609,8563
3047,G,15.95,15.8,16.1,1707,1195,2202,2934,3385,6601
3048,G,23.25,22.9,23.25,194,379,444,518,590,512
3049,G,9.76,9.76,9.85,1721,1700,3790,3916,3001,2376
3050,G,15.4,15.3,15.6,1420,952,497,478,591,986
3051,G,30.5,29.65,30.85,16925,24947,10420,5212,3081,2192
3052,G,12.45,12.2,12.45,1135,678,1317,1044,776,457
3053,G,0.0,0.0,0.0,0,0,0,0,0,0
3054,G,20.0,19.95,20.0,16,14,26,84,57,48
3055,G,39.65,37.95,40.15,1236,1635,3607,3774,2005,1081
3056,G,28.15,28.15,28.75,3564,8013,9418,5233,5294,3007
3057,R,11.75,11.8,11.9,111,130,442,531,367,253
3058,G,19.7,19.6,20.2,1401,1007,1240,4155,4780,2602
3059,G,34.9,34.1,34.9,1356,1150,1817,2264,2225,2717
3060,R,19.0,19.65,19.75,654,372,510,1193,770,487
3061,G,0.0,0.0,0.0,0,0,0,0,0,0
3062,R,21.25,22.0,22.15,6824,2574,1803,2133,2171,4092
3063,G,0.0,0.0,0.0,0,0,0,0,0,0
3064,R,14.35,14.85,14.85,2,5,6,11,8,8
3066,G,17.8,17.8,17.8,20,23,44,59,107,134
3067,R,40.25,40.5,40.95,53,48,42,23,15,9
3068,G,0.0,0.0,0.0,0,0,0,0,0,0
3069,G,0.0,0.0,0.0,0,0,0,0,0,0
3071,G,42.9,40.85,43.0,8048,8557,4520,6445,5073,2650
3073,R,29.25,29.35,29.35,4,37,26,60,30,21
3078,G,82.9,80.4,84.0,12223,15136,17956,20193,15261,7824
3079,G,0.0,0.0,0.0,0,0,0,0,0,0
3080,G,0.0,0.0,0.0,0,0,0,0,0,0
3081,G,93.4,92.0,94.5,544,658,2248,1629,2002,2573
3083,G,42.65,42.3,42.9,122,112,275,1146,683,656
3085,G,17.15,15.6,17.15,44,12,6,7,8,16
3086,R,66.1,66.8,67.0,23,13,15,84,47,69
3087,G,0.0,0.0,0.0,0,0,0,0,0,0
3088,G,101.5,98.8,102.0,809,896,2267,1912,1853,1149
3089,G,0.0,0.0,0.0,0,0,0,145,101,107
3090,G,52.5,52.2,52.6,183,146,284,598,626,488
3092,G,36.0,35.5,36.15,467,661,2560,1516,1112,795
3093,G,30.95,30.9,31.05,147,121,176,333,1082,709
3094,R,33.6,34.25,34.8,8955,3628,1246,1451,1899,1322
3095,G,23.6,23.55,23.65,12,5,4,4,13,32
3099,G,0.0,0.0,0.0,0,0,0,0,0,0
3105,G,130.5,129.5,131.5,4482,4437,5576,5501,4938,5206
3114,G,26.25,26.25,26.5,67,51,232,382,271,218
3115,R,9.45,9.85,9.85,22,26,29,26,17,17
3118,R,29.5,29.55,29.9,54,79,100,106,84,54
3122,G,24.15,23.7,24.5,118,67,114,340,279,368
3126,G,0.0,0.0,0.0,0,0,0,0,0,0
3128,G,32.55,31.8,32.85,178,177,300,1119,1314,4732
3130,G,203.5,203.5,203.5,9,11,15,18,17,15
3131,G,543.0,543.0,555.0,1884,1838,2062,1850,1187,674
3138,R,138.5,149.5,149.5,775,285,362,270,554,699
3141,R,87.0,89.1,89.9,954,500,973,1695,2056,3254
3142,G,0.0,0.0,0.0,0,0,0,0,0,0
3144,G,0.0,0.0,0.0,0,0,0,0,0,0
3147,G,70.9,69.3,71.1,255,363,436,783,989,671
3149,R,13.0,13.35,13.4,341,701,515,811,808,1065
3152,R,180.0,184.0,187.5,114,73,104,142,158,146
3162,G,47.4,46.9,47.5,876,800,864,1695,3709,3503
3163,G,102.0,98.2,103.5,21518,29792,30708,15891,9238,6131
3164,R,23.4,23.5,23.65,111,35,34,54,79,322
3167,R,38.7,39.7,40.0,52,26,44,51,58,64
3169,G,104.5,102.5,104.5,324,229,412,581,1030,953
3171,R,18.0,18.2,18.25,23,15,20,34,46,30
3176,G,30.9,30.5,30.9,136,98,130,157,192,244
3178,R,90.1,91.9,93.6,303,195,209,882,1277,757
3188,G,14.55,14.5,14.6,98,114,140,187,255,267
3189,R,104.5,105.0,106.0,2901,1808,3526,4705,5094,8996
3191,G,13.1,13.0,13.1,122,123,296,308,189,127
3202,G,15.6,15.4,15.75,564,537,725,2016,2609,1452
3205,G,45.5,45.0,46.1,381,443,564,1217,962,1128
3206,G,47.5,44.4,48.3,3358,2389,1741,827,617,364
3207,G,78.5,77.8,79.2,1131,1785,2086,4815,4267,4935
3209,R,33.9,34.0,34.1,668,581,1710,1234,1725,1329
3211,G,79.5,79.3,79.9,111,129,248,294,378,269
3213,G,64.6,64.6,65.1,550,605,1552,908,506,272
3217,G,122.0,119.0,122.5,827,1286,3268,3816,2923,1752
3218,G,363.0,359.0,363.0,824,499,301,407,554,600
3219,G,53.8,50.0,53.8,85,30,40,54,36,49
3221,G,26.5,26.25,26.65,216,214,385,779,798,891
3224,G,43.75,43.65,44.0,111,115,332,358,1198,975
3226,R,59.8,60.0,60.0,4,5,5,3,4,5
3227,R,117.0,120.0,120.5,2526,1103,1226,1306,913,698
3228,G,111.0,104.5,112.0,878,1495,1067,989,976,1565
3229,R,13.9,14.0,14.15,41,39,62,36,37,65
3230,R,11.35,11.5,11.5,142,82,132,145,223,276
3231,G,135.0,122.5,135.5,323671,200517,214439,155065,109460,60349
3232,G,24.35,24.05,24.6,298,527,244,790,649,487
3234,G,26.1,25.8,26.15,695,1443,1284,1502,1112,944
3236,G,26.3,25.85,26.35,120,206,286,359,1049,926
3252,G,20.55,20.25,20.65,182,152,255,2060,1309,963
3257,G,77.6,76.0,77.6,1212,1339,3522,1607,924,507
3259,G,0.0,0.0,0.0,0,0,95,202,146,102
3260,G,79.7,79.5,82.0,5660,2743,4450,9026,6507,4098
3264,G,62.1,61.4,62.7,10595,6202,7400,7740,6462,5099
3265,G,84.7,83.5,86.4,3888,2226,3331,3874,3304,2312
3266,G,13.5,13.45,13.5,22,34,92,202,173,135
3268,G,20.65,20.6,20.8,14,24,28,46,65,90
3271,G,0.0,0.0,0.0,0,0,0,0,0,0
3272,G,33.9,33.6,34.2,96,73,318,358,816,1522
3276,G,14.35,14.1,14.45,106,144,91,105,153,153
3284,G,16.05,15.85,16.05,79,77,230,460,318,268
3285,G,22.85,22.35,23.15,68,88,42,36,35,55
3287,G,25.2,24.65,25.3,258,306,655,1570,941,559
3288,G,23.75,23.25,23.75,3,27,15,9,12,11
3289,R,106.0,110.5,111.5,4855,1977,3847,5267,4222,5310
3290,G,25.5,24.95,25.5,593,720,953,1444,2350,1624
3291,G,0.0,0.0,0.0,0,0,0,0,0,0
3293,R,561.0,567.0,574.0,523,418,711,1289,1176,1278
3294,G,18.6,18.35,18.9,208,332,346,373,598,398
3296,G,16.1,15.7,16.15,507,393,454,461,625,740
3297,G,16.1,15.95,16.1,42,39,42,108,187,429
3298,G,0.0,0.0,0.0,0,0,0,0,0,0
3299,G,0.0,0.0,0.0,0,0,0,0,0,0
3303,G,25.7,25.65,25.7,47,77,86,128,177,236
3305,G,68.5,66.7,71.9,9713,3541,2750,4108,2579,1703
3306,G,69.0,65.0,69.0,2751,13142,9051,5459,2990,1628
3308,R,52.5,54.2,55.6,18977,13173,5154,3139,1995,1024
3310,G,92.0,91.8,92.2,20,28,80,103,127,115
3311,R,37.3,37.75,38.5,1665,1153,324,133,88,61
3312,G,19.2,18.5,19.2,2446,1516,814,705,751,511
3313,G,10.3,10.3,10.4,89,49,57,135,112,86
3315,G,0.0,0.0,0.0,0,0,0,0,0,0
3317,R,45.85,46.2,46.6,419,319,312,258,332,412
3321,G,0.0,0.0,0.0,0,156,118,172,193,185
3322,G,21.5,20.9,21.5,1069,504,1119,1057,1965,1485
3323,R,29.5,29.6,29.95,176,249,438,441,337,284
3324,G,313.5,308.5,321.5,14998,9648,11317,8573,7448,4644
3325,G,33.8,32.8,34.1,7654,11462,14981,8956,5296,2713
3332,R,45.5,45.6,45.6,3,2,15,18,23,27
3338,G,59.8,59.1,60.8,8717,6898,5731,5675,3823,2004
3339,G,16.9,16.7,17.15,241,274,461,304,288,268
3346,G,46.5,45.85,47.0,701,680,2358,4308,2918,2404
3349,R,17.4,17.6,17.65,31,17,21,71,53,36
3354,G,14.55,14.45,14.55,15,18,59,80,196,195
3356,G,48.3,46.6,48.35,1246,879,2185,6365,4470,4896
3357,G,103.0,101.5,104.0,114,70,192,362,243,175
3360,G,12.55,12.25,12.7,212,142,163,336,230,157
3362,G,154.5,149.5,154.5,906,10358,7278,8172,7345,5380
3363,G,60.3,57.0,61.5,6585,7107,6684,12559,11460,5858
3367,G,0.0,0.0,0.0,0,0,0,0,0,0
3369,G,0.0,0.0,0.0,0,0,0,0,0,0
3372,G,13.65,13.3,13.65,185,219,757,1206,825,605
3373,G,19.4,19.3,19.4,33,33,41,49,57,264
3374,G,114.0,113.5,116.0,1279,1133,1477,4968,3065,2619
3376,G,79.7,79.3,80.0,415,332,395,379,412,405
3379,G,12.4,12.2,12.4,35,29,50,174,130,83
3380,R,39.4,39.5,40.65,9306,6384,5069,7869,5642,4070
3383,G,0.0,0.0,0.0,0,0,0,0,0,113
3388,G,68.0,68.0,68.3,62,48,68,79,66,51
3389,G,0.0,0.0,0.0,0,0,0,0,0,0
3390,R,16.75,16.8,16.9,58,86,110,134,170,327
3402,G,49.25,49.05,49.55,76,108,231,280,338,294
3406,G,378.5,377.0,379.5,792,986,1652,2420,2138,2976
3413,R,180.5,181.0,182.0,460,533,563,642,540,563
3416,G,128.5,127.0,129.0,219,214,397,352,448,290
3419,R,18.45,18.55,19.1,793,516,742,1005,2087,2156
3426,G,0.0,0.0,0.0,0,4,5,7,7,5
3428,G,0.0,0.0,0.0,0,0,0,0,0,0
3430,G,46.4,46.25,46.65,51,32,54,128,261,357
3431,G,0.0,0.0,0.0,0,0,0,0,0,0
3432,G,10.8,10.75,10.8,91,101,128,360,1079,1408
3434,R,27.1,27.25,28.3,140,95,84,284,342,429
3437,G,17.3,17.15,17.45,115,98,156,177,233,199
3438,G,62.4,61.8,63.4,111,95,168,419,424,385
3441,G,38.55,38.05,39.0,100,264,290,615,1535,1499
3443,G,1540.0,1485.0,1560.0,7541,6892,5354,4522,5166,6526
3444,G,81.3,81.2,82.7,1164,997,886,1151,883,931
3447,G,41.7,41.35,42.1,95,104,355,1078,1112,745
3450,G,43.25,41.45,43.3,1009,661,1545,1734,974,604
3452,G,0.0,0.0,0.0,0,0,0,0,0,0
3454,G,169.5,167.0,171.5,449,515,812,1796,2792,6850
3455,G,79.8,79.3,80.0,221,173,268,323,448,492
3465,G,76.0,74.9,76.1,52,98,63,46,54,36
3466,G,24.45,24.25,24.6,162,228,264,308,590,760
3474,G,0.0,0.0,0.0,0,0,0,0,0,0
3479,R,99.0,99.4,100.0,636,824,1422,1608,4036,3289
3481,G,0.0,0.0,0.0,0,0,72710,83668,75203,68086
3483,G,144.5,140.0,149.0,17362,18959,16138,9584,5873,3154
3484,G,42.0,41.85,42.2,71,89,150,195,469,323
3489,G,11.55,11.55,11.55,35,54,47,49,73,54
3490,G,23.5,23.3,23.5,36,40,61,115,168,171
3491,G,147.0,146.5,150.0,1058,555,650,841,2442,2358
3492,G,19.25,19.0,19.5,79,37,40,40,89,135
3494,R,6.87,6.89,6.96,19,53,107,170,423,1069
3498,R,34.8,35.05,35.8,169,180,237,872,539,392
3499,G,20.1,20.1,20.4,120,309,309,583,1135,1023
3501,R,49.6,49.85,49.9,127,130,163,295,407,283
3504,G,63.3,61.6,63.5,400,358,486,1047,1108,2603
3508,R,29.6,29.65,30.3,251,172,225,441,469,848
3511,G,32.35,31.4,32.35,678,370,288,502,454,834
3512,G,29.05,28.85,29.05,44,42,44,59,71,52
3514,G,0.0,0.0,0.0,0,0,0,0,0,0
3515,G,259.0,251.5,267.0,3962,4673,3096,5407,3190,3038
3516,R,18.15,18.3,18.3,185,68,52,55,97,85
3518,G,37.4,35.95,37.9,953,587,1073,1940,1468,891
3519,G,0.0,0.0,0.0,0,0,0,0,0,0
3520,G,17.9,17.2,17.9,185,190,355,388,933,1347
3521,R,24.5,24.65,25.1,609,305,324,767,626,1117
3522,G,15.5,15.5,15.65,33,61,86,198,270,159
3523,G,18.0,17.5,18.05,78,273,88,42,42,66
3526,G,173.0,167.0,173.0,448,401,1132,554,390,357
3527,G,90.0,88.7,90.8,73,59,70,141,196,244
3528,R,50.2,52.2,54.3,508,136,106,152,183,129
3529,R,1760.0,1795.0,1820.0,763,460,532,531,559,869
3530,G,69.6,69.5,71.0,60,47,174,119,134,148
3531,R,28.05,30.65,30.65,979,306,158,131,84,113
3532,G,141.5,140.5,142.0,589,525,1254,1923,1831,2050
3533,G,843.0,825.0,843.0,1169,1617,1514,1471,1153,988
3534,G,0.0,0.0,0.0,0,0,0,0,0,0
3535,R,18.3,18.5,18.8,193,137,275,340,436,1450
3536,G,0.0,0.0,0.0,0,0,0,0,17,29
3537,G,36.8,36.75,36.9,52,88,174,201,195,147
3540,G,44.3,43.9,45.0,623,498,999,2259,2183,1231
3541,G,40.2,40.15,40.95,45,130,143,222,162,117
3543,G,20.4,20.4,20.6,146,58,59,135,110,71
3545,R,69.5,69.8,71.5,1248,976,1790,1890,3440,4014
3546,R,75.3,75.6,75.9,85,88,175,541,395,285
3548,G,88.2,87.6,88.3,2474,3650,2319,1227,1009,642
3550,G,15.65,15.4,15.65,87,73,112,139,163,125
3551,G,69.3,69.0,70.1,106,117,231,269,173,122
3552,G,127.5,125.5,128.0,179,163,286,492,873,1927
3553,G,0.0,0.0,0.0,0,0,0,0,0,0
3555,R,37.95,38.0,38.0,3,5,5,9,7,10
3556,G,60.5,60.0,60.5,72,43,83,137,142,129
3557,G,52.8,52.3,52.9,14072,2880,872,423,309,210
3558,G,297.0,284.0,298.0,3024,2377,5345,3279,3827,4553
3559,G,0.0,0.0,0.0,0,0,0,0,0,0
3561,G,0.0,0.0,0.0,0,0,0,0,0,0
3562,G,0.0,0.0,0.0,0,0,0,0,0,0
3563,G,193.0,191.5,194.5,152,172,243,480,373,252
3564,G,50.0,47.9,50.2,653,797,754,1307,826,558
3567,G,43.85,43.1,44.65,4020,5117,2543,946,535,296
3570,G,127.5,125.0,127.5,25,17,50,69,188,100
3573,G,0.0,0.0,0.0,0,0,0,0,0,0
3576,G,15.95,15.8,16.05,3175,3151,4877,6389,7864,7612
3577,R,79.5,79.9,79.9,40,38,52,74,114,118
3579,G,0.0,0.0,0.0,0,0,0,0,0,0
3580,G,51.6,51.6,52.9,348,266,1370,668,502,675
3581,G,33.7,31.55,33.7,1945,1263,2966,1299,666,359
3582,G,0.0,0.0,0.0,0,0,0,0,0,0
3583,G,254.5,241.0,255.5,10608,9657,14194,10869,5940,3221
3584,G,0.0,0.0,0.0,0,0,0,0,0,0
3587,R,303.5,308.5,320.5,3745,2303,3162,1878,1363,1585
3588,G,54.6,52.3,54.6,205,220,1025,961,716,949
3591,G,25.15,24.75,25.45,1830,924,2602,2481,2901,1751
3592,R,304.0,307.0,310.5,345,312,426,518,808,957
3593,R,11.4,11.5,11.5,6,11,22,32,41,32
3594,G,49.95,48.6,49.95,862,420,674,1416,2532,2782
3596,G,150.0,145.0,152.0,8306,6739,6623,4607,3174,2581
3597,G,22.75,22.6,22.75,4,3,12,27,29,73
3598,G,0.0,0.0,0.0,0,0,0,0,0,0
3599,G,0.0,0.0,0.0,0,0,0,0,0,0
3605,G,26.7,26.7,27.05,91,211,199,240,267,272
3607,G,15.2,15.05,15.35,373,345,1001,1077,784,471
3609,R,43.05,43.25,43.25,3,12,26,24,29,30
3611,G,245.5,245.5,249.5,82,92,171,171,155,94
3614,G,0.0,0.0,0.0,0,0,0,0,0,0
3615,G,20.6,20.4,20.8,85,49,100,364,289,184
3617,G,233.5,226.5,234.0,1326,3075,2406,2245,1828,1320
3622,G,41.0,39.85,41.85,3320,1849,2062,950,591,358
3623,G,16.75,16.7,17.15,58,32,58,163,98,111
3624,G,53.9,51.9,53.9,804,890,748,1525,4323,3503
3625,G,14.75,14.45,14.75,159,141,277,609,524,461
3628,R,44.5,44.6,44.95,55,54,72,247,343,246
3629,R,38.65,38.75,40.5,12,5,10,23,68,36
3630,R,31.15,31.2,31.75,262,206,436,1402,981,805
3631,G,30.8,30.4,30.8,7,10,22,34,34,47
3632,G,14.0,14.0,14.05,24,26,27,35,48,35
3638,G,0.0,0.0,0.0,0,0,0,0,0,0
3642,G,0.0,0.0,0.0,0,0,0,0,0,12
3645,G,42.55,40.85,42.55,388,316,668,1194,734,589
3646,G,28.25,27.65,28.25,86,229,171,234,308,192
3652,R,28.5,28.6,29.4,183,204,269,1722,2168,1172
3653,R,627.0,633.0,642.0,2033,1225,1839,1619,1711,1669
3658,G,0.0,0.0,0.0,0,0,0,0,0,0
3661,G,2550.0,2495.0,2590.0,3017,2901,2976,3322,4251,5173
3662,G,0.0,0.0,0.0,0,0,0,0,0,0
3663,G,32.35,32.0,32.65,241,298,1887,874,643,353
3664,R,26.7,27.05,27.5,157,184,248,395,722,513
3665,R,268.0,271.0,272.5,1160,1267,1614,2416,1728,2219
3666,G,26.4,25.6,26.4,121,176,568,779,669,427
3669,G,38.7,38.1,38.7,142,154,201,117,140,242
3672,G,24.35,24.15,24.6,5,12,27,65,67,46
3673,G,34.55,34.3,34.85,1083,1319,1900,4101,4301,2660
3675,G,286.0,280.5,288.0,1202,2600,1116,1028,1852,2119
3679,G,90.2,90.2,91.2,66,64,135,103,81,74
3680,G,377.5,361.5,381.0,4432,4583,2200,2221,2390,2283
3682,R,6.0,6.04,6.13,2798,1680,2587,2239,2205,1968
3684,R,46.5,47.0,47.0,9,20,16,29,60,54
3685,G,22.1,22.1,22.25,43,86,179,492,311,287
3686,G,13.75,13.75,13.85,80,236,170,206,318,471
3687,G,87.2,85.9,88.4,144,136,321,1875,1098,864
3689,G,59.8,59.7,61.2,8739,11928,9441,5099,2795,1515
3691,G,79.0,78.9,80.0,115,108,160,262,399,397
3693,G,559.0,554.0,570.0,5950,9375,9485,7462,5250,3762
3694,G,34.0,32.7,34.1,1365,1732,2244,2307,1578,936
3697,G,0.0,0.0,0.0,0,0,0,0,0,0
3698,G,0.0,0.0,0.0,0,0,0,0,0,0
3701,G,59.0,57.1,59.0,599,1598,1286,2350,2781,1940
3702,G,55.6,53.4,55.6,6515,5858,5719,5800,4770,4602
3703,R,25.75,25.8,25.9,544,827,1533,2011,2196,2363
3704,G,49.0,48.8,49.2,5276,8319,7084,11463,8914,6871
3705,G,43.35,43.3,43.35,107,94,158,342,513,1029
3706,G,45.35,43.3,45.8,43054,41694,34025,41007,23074,12631
3707,R,76.2,77.3,78.5,3096,1545,1601,4074,3520,4455
3708,R,91.7,92.2,92.5,246,577,576,592,898,1749
3709,G,23.6,23.0,23.7,19,19,29,69,48,40
3710,G,9.87,9.72,9.87,1071,599,726,1095,1408,3021
3711,R,111.0,113.0,114.0,16811,8188,13090,18264,16005,14576
3712,G,31.3,31.1,31.65,320,350,638,1107,2740,1638
3713,R,24.95,25.15,25.35,33,22,40,98,100,156
3714,G,45.05,45.0,45.65,852,1022,2392,2663,3435,3298
3715,G,49.8,47.35,51.0,43020,38762,23561,14873,14124,7536
4102,G,31.95,31.9,32.1,581,591,467,559,833,2323
4103,G,0.0,0.0,0.0,0,0,0,0,0,0
4104,R,89.9,90.1,90.9,209,222,293,572,584,459
4105,G,75.6,75.3,75.6,199,281,416,695,730,1363
4106,G,27.8,27.8,28.1,161,150,376,1235,815,1104
4107,R,108.5,110.0,111.0,140,113,104,128,154,188
4108,G,20.25,19.95,20.25,261,227,352,817,706,475
4109,G,13.6,13.6,13.8,100,198,114,159,313,226
4111,G,25.9,25.8,25.95,135,320,249,354,778,717
4113,G,22.95,22.9,23.15,899,2077,1073,704,697,604
4114,G,35.75,35.25,35.8,1198,956,2258,2495,5081,11815
4116,G,57.1,57.0,57.5,74,82,301,385,351,842
4119,G,100.0,99.8,100.5,211,119,222,311,557,568
4120,R,35.7,36.0,36.0,42,47,97,346,216,203
4121,G,23.65,23.4,24.0,452,384,625,2069,2620,2131
4123,G,50.2,49.8,50.7,2280,1827,4053,7140,5086,3188
4126,G,82.9,81.7,83.3,374,319,402,417,447,329
4127,G,13.65,13.65,13.65,14,28,73,168,288,259
4128,G,48.15,47.8,48.45,938,905,1505,1807,2386,7277
4129,G,68.4,67.4,69.1,761,687,1126,2703,2209,1618
4130,R,26.55,26.8,27.25,311,173,349,768,1123,2335
4131,G,24.25,23.9,24.25,9,19,29,24,22,20
4133,R,31.35,31.4,31.65,97,104,143,161,209,960
4137,R,187.0,189.0,189.0,72,62,122,297,379,440
4138,R,111.5,112.5,113.0,125,195,465,717,581,326
4139,G,39.1,38.35,39.1,55,136,77,44,34,63
4141,G,0.0,0.0,0.0,0,0,0,0,0,0
4142,G,33.0,32.8,33.45,1465,799,760,870,1559,1791
4144,G,0.0,0.0,0.0,0,0,0,0,0,0
4147,R,107.0,107.5,108.5,3102,6305,2872,3186,4797,3207
4148,G,48.85,48.2,49.1,45,45,129,159,227,512
4152,G,0.0,0.0,0.0,0,0,0,0,0,0
4153,G,35.3,34.7,35.55,85,99,279,425,654,562
4154,G,14.3,13.45,14.4,69,119,270,167,96,65
4155,G,33.15,32.85,33.2,414,502,937,3256,2553,2203
4157,G,15.15,14.9,15.15,1838,891,1130,3017,2212,2728
4160,G,46.3,45.65,46.9,130,189,362,257,281,180
4161,G,35.7,34.8,36.0,373,160,149,609,582,437
4162,G,86.0,86.0,87.0,584,761,1002,1066,1477,7006
4163,G,115.5,114.5,116.0,79,80,175,385,600,556
4164,G,53.1,52.8,54.3,1001,802,1008,1763,3376,2226
4167,G,18.3,17.8,18.35,2378,2813,1632,1371,1554,5151
4168,G,27.55,27.25,27.85,182,227,548,715,824,2899
4171,G,36.2,36.05,36.55,218,165,244,199,243,741
4173,G,22.15,22.0,22.35,354,284,707,934,1169,798
4174,G,84.7,84.2,85.0,245,288,350,552,621,641
4175,G,87.6,86.6,88.8,206,142,248,727,861,506
4180,G,0.0,0.0,0.0,0,0,0,0,0,0
4183,G,0.0,0.0,0.0,0,3,8,17,20,15
4188,G,20.1,19.7,20.75,163,165,412,378,211,134
4190,G,68.1,67.2,68.1,168,151,171,336,570,444
4192,G,49.7,48.9,49.7,6,4,5,30,45,48
4198,R,21.55,24.75,24.75,23,22,18,10,12,11
4205,G,101.5,101.5,101.5,34,19,19,23,19,17
4207,G,19.25,19.0,19.3,1487,1646,1464,1576,1093,665
4303,G,18.8,18.6,18.8,47,50,122,156,199,172
4304,G,8.38,8.38,8.38,5,17,16,30,45,90
4305,G,33.45,33.1,33.6,60,162,46,20,15,10
4306,R,15.0,15.05,15.1,520,1058,873,1066,1438,997
4401,G,21.0,20.7,21.0,209,131,120,84,63,48
4402,G,9.68,9.45,9.68,38,206,112,105,222,363
4406,G,10.3,10.3,10.35,32,23,25,168,98,73
4408,G,0.0,0.0,0.0,0,0,0,0,0,0
4413,G,16.0,15.7,16.0,11,14,9,29,23,84
4414,G,3.95,3.91,3.97,755,771,1753,3518,1759,879
4415,G,0.0,0.0,0.0,0,0,0,0,0,0
4416,G,78.9,77.9,78.9,2,2,3,2,3,4
4417,G,39.65,39.4,39.65,64,45,76,153,198,166
4419,G,28.0,27.65,28.0,7,26,21,26,28,14
4420,G,30.0,30.0,30.0,1,3,10,12,11,11
4426,G,19.7,19.6,19.8,63,105,192,193,269,452
4429,G,0.0,0.0,0.0,0,0,0,0,0,0
4430,G,22.05,22.05,22.35,23,37,21,23,23,18
4432,R,24.75,24.95,25.3,138,203,194,202,268,552
4433,R,28.5,28.6,28.6,17,33,42,50,179,165
4438,G,120.0,119.5,120.0,103,62,75,107,110,256
4439,G,134.0,133.0,136.0,33,103,233,166,121,76
4440,G,27.6,27.5,27.75,49,66,92,143,145,89
4502,R,36.65,36.9,36.9,30,18,18,17,20,16
4503,G,59.7,57.5,60.6,579,442,1149,2063,2134,1574
4506,G,79.0,78.6,79.3,157,124,141,130,109,87
4510,G,16.75,16.2,16.8,555,509,921,3329,2337,1209
4513,R,19.25,19.4,19.85,108,85,157,234,308,322
4523,G,45.5,44.95,46.1,111,157,434,668,366,265
4526,G,17.15,17.0,17.35,341,494,944,2551,1503,869
4527,G,34.0,33.6,34.0,56,34,68,323,198,125
4528,R,32.75,32.95,32.95,17,31,73,62,63,48
4529,G,8.61,8.56,8.62,41,51,52,86,104,117
4530,G,6.37,6.28,6.37,47,41,33,29,23,26
4532,G,20.7,20.5,20.9,4488,2827,4873,11950,6292,3553
4533,G,27.7,27.25,28.8,10214,5463,9604,15419,8111,4276
4534,G,9.95,9.95,10.0,58,40,85,219,187,164
4535,R,36.85,37.1,37.5,57,25,21,13,12,15
4536,G,165.0,164.0,165.5,171,203,333,478,925,1012
4538,G,19.7,19.4,19.85,100,153,203,698,362,193
4540,G,33.3,32.7,33.3,116,178,144,100,130,112
4541,R,35.05,37.9,38.25,5804,2363,1108,1717,4514,2855
4542,G,46.05,41.0,46.05,3849,1931,723,253,150,82
4543,R,45.6,49.7,49.7,12452,6739,2934,5711,3548,2149
4545,G,30.45,30.2,30.45,24,22,52,69,88,67
4549,G,97.1,96.7,97.1,13,30,61,175,135,96
4550,G,29.9,29.05,29.9,84,148,138,135,342,195
4551,G,133.0,131.0,133.5,201,105,185,503,463,624
4552,G,32.7,32.7,33.0,328,257,235,368,324,195
4554,G,27.2,26.7,27.2,6,12,22,37,73,76
4555,G,53.4,53.0,53.4,18,11,12,41,70,54
4556,G,29.65,29.65,29.65,1,6,10,7,9,7
4557,G,102.5,101.0,103.0,35,49,48,62,86,126
4558,R,26.35,27.3,27.4,12,22,35,35,69,43
4560,G,35.6,35.4,35.6,137,150,165,89,79,62
4561,G,26.8,26.5,26.8,53,50,62,87,76,49
4562,R,15.9,16.1,16.1,81,35,44,80,108,101
4563,R,55.6,56.7,56.9,360,376,654,1211,648,380
4564,G,24.4,23.85,24.4,359,499,854,3819,3280,1868
4566,G,52.9,52.4,52.9,662,587,678,3267,2830,1889
4568,G,53.6,53.6,53.6,6,9,8,7,12,10
4569,G,93.5,93.5,93.6,23,27,146,49,24,12
4571,G,72.0,72.0,72.0,14,13,17,17,23,19
4572,R,185.0,190.0,194.0,1702,1073,1250,1290,1552,955
4576,R,66.7,67.5,67.5,24,30,42,58,69,80
4577,R,28.9,29.3,29.3,172,97,61,76,76,77
4580,R,90.3,90.7,90.8,46,74,172,125,144,99
4581,G,76.0,74.7,76.8,639,2020,697,503,445,237
4583,R,215.0,218.0,221.5,90,90,97,259,164,94
4584,G,45.0,45.0,45.0,18,8,11,12,34,53
4609,R,5.4,5.49,5.55,53,61,35,19,15,11
4702,R,13.2,13.35,13.45,57,64,75,125,257,228
4703,G,0.0,0.0,0.0,0,0,0,0,0,0
4706,G,21.9,21.2,21.9,156,404,224,147,113,62
4707,G,13.45,13.4,13.5,692,787,551,495,487,429
4711,G,15.4,15.4,15.4,72,44,63,76,202,122
4712,G,4.25,4.25,4.25,225,105,44,25,19,18
4714,G,12.55,12.45,12.6,352,306,946,1156,802,464
4716,G,12.95,12.9,12.95,28,43,97,197,224,203
4720,R,14.55,14.75,14.85,413,162,221,236,276,872
4721,G,79.0,77.9,79.0,195,167,375,436,494,826
4722,G,34.45,34.45,34.8,112,133,139,152,128,96
4725,G,0.0,0.0,0.0,0,0,0,0,0,0
4726,R,38.0,38.3,38.5,381,513,1216,1991,1279,2100
4728,G,190.0,188.0,190.0,56,58,102,252,286,183
4729,G,16.4,16.15,16.4,24,27,41,74,152,133
4733,G,0.0,0.0,0.0,0,0,0,0,0,0
4735,R,37.4,37.45,37.45,9,15,17,28,33,55
4736,G,176.0,176.0,177.0,140,272,335,296,423,731
4737,G,73.6,73.6,74.2,32,28,38,49,54,68
4739,G,74.1,73.8,74.5,201,181,428,534,607,1213
4741,G,33.5,32.8,34.45,145,125,195,315,341,177
4743,G,183.5,181.0,184.5,1093,1380,2147,2525,3588,6923
4744,G,29.8,29.6,30.15,289,621,777,1826,2525,1423
4745,G,25.15,25.0,25.25,73,69,42,59,57,48
4746,G,86.7,85.2,87.5,1802,2921,9591,9197,7028,5374
4747,G,97.3,95.8,98.5,324,361,798,1622,1430,1229
4754,G,49.6,48.8,49.9,139,81,114,177,114,65
4755,R,132.5,133.5,134.0,183,158,766,926,855,901
4760,G,69.6,69.3,69.6,13,22,47,59,110,73
4762,G,0.0,0.0,0.0,0,0,0,0,0,0
4763,R,803.0,850.0,868.0,7281,5720,4814,5033,5613,5203
4764,G,46.3,46.0,46.3,7,11,11,15,22,72
4766,G,192.5,191.5,193.5,658,974,426,295,238,157
4767,G,28.8,28.8,28.8,2,22,27,20,35,19
4768,G,181.5,173.5,182.0,318,326,772,942,769,1189
4770,G,280.5,277.5,282.0,133,155,323,538,697,977
4801,G,0.0,0.0,0.0,0,0,0,0,0,0
4803,G,0.0,0.0,0.0,0,0,0,0,0,0
4804,R,4.84,4.96,4.99,58,41,50,69,168,308
4806,G,0.0,0.0,0.0,0,0,0,0,3,7
4807,G,18.1,18.0,18.1,8,16,40,28,24,18
4903,G,16.25,16.15,16.25,28,84,66,155,349,240
4904,G,71.1,70.9,71.2,1749,2786,3741,7615,7189,5950
4905,G,72.0,72.0,72.0,1,5,16,30,25,13
4906,G,36.1,35.4,36.5,29458,24042,13193,11335,7607,5371
4907,G,36.9,36.8,36.9,20,43,46,50,95,76
4908,G,54.4,54.1,55.9,2036,1331,2444,2925,1875,1151
4909,G,22.35,21.65,22.75,1042,1405,1327,666,683,454
4911,G,62.0,60.6,62.0,41,40,101,169,252,244
4912,G,85.8,84.3,86.5,108,156,148,196,122,109
4915,G,65.0,64.8,65.3,2241,1740,3162,3613,3762,4438
4916,R,38.05,40.75,41.15,7951,2922,2957,6902,5556,3339
4919,G,122.5,120.5,122.5,2981,3105,4962,5423,5749,7742
4923,R,42.3,43.25,43.25,117,185,110,89,139,111
4924,G,12.4,12.15,12.4,76,26,42,70,86,163
4927,R,52.4,52.5,53.1,501,566,863,1351,1294,1611
4930,G,25.05,25.0,25.05,32,86,158,327,262,183
4931,G,34.25,33.7,34.5,517,638,864,1839,2296,9868
4933,G,39.95,39.7,40.35,104,222,552,223,134,81
4934,R,36.5,36.55,37.15,2573,4321,3538,5549,4294,2643
4935,G,51.8,51.1,52.0,131,265,195,162,142,144
4938,R,79.8,80.1,80.4,24191,14635,11296,14964,9693,7517
4939,G,16.9,16.6,16.9,139,106,249,283,266,201
4942,G,41.3,41.1,41.35,241,182,363,251,199,163
4943,G,14.25,14.2,14.4,35,25,21,131,148,277
4944,G,15.95,15.95,15.95,407,434,186,89,58,40
4945,G,62.2,61.0,62.2,42,62,380,208,122,81
4946,G,27.5,27.25,28.2,31,151,84,84,76,82
4947,G,0.0,0.0,0.0,0,0,0,0,0,0
4950,G,12.45,12.15,12.5,86,290,483,1616,1779,1223
4951,R,62.8,63.1,64.6,89,64,101,358,348,241
4952,G,50.3,49.0,50.3,99,103,134,254,285,329
4953,G,122.5,119.0,123.0,1690,2294,3987,3622,3341,1882
4956,R,14.45,14.5,14.9,140,96,138,161,221,205
4958,G,95.9,95.7,96.1,1511,1626,2983,3107,3582,3922
4960,G,12.8,12.5,12.95,12334,11625,5779,5276,4743,3644
4961,R,133.5,140.0,143.0,4976,1810,2726,2338,3554,4908
4965,G,0.0,0.0,0.0,0,0,0,0,0,0
4966,R,793.0,799.0,800.0,585,516,856,965,1169,1287
4967,G,65.0,63.1,65.8,3387,2247,3031,7676,9281,5018
4968,G,146.5,144.5,147.5,1228,879,1844,4871,6865,5441
4971,R,56.2,57.7,57.7,97,51,61,93,303,192
4972,G,28.15,28.15,28.2,18,14,23,36,42,34
4973,G,29.3,28.55,29.3,238,286,1311,1530,1119,647
4974,G,68.3,67.5,68.6,193,167,289,322,360,377
4976,G,41.4,40.3,41.65,490,327,427,865,1831,1248
4977,G,71.8,70.3,72.3,1243,1054,2403,3429,4209,4313
4979,G,175.0,174.0,180.5,27196,15725,12936,19951,16408,12842
4984,G,0.0,0.0,0.0,0,0,0,0,0,0
4987,G,59.0,59.0,59.0,1,17,21,35,33,26
4989,G,25.6,25.1,26.05,368,307,1151,754,561,417
4991,G,31.35,31.3,32.4,21,31,32,56,55,44
4994,R,42.85,42.9,43.5,83,69,134,565,385,233
4995,R,43.0,43.3,43.6,56,31,78,133,197,136
4999,G,34.65,34.65,34.7,77,46,45,53,47,42
5007,G,56.5,56.5,56.5,26,26,35,84,117,89
5009,R,45.65,45.7,46.1,12532,9117,11220,13840,18208,15989
5011,G,20.5,20.4,21.0,943,560,307,401,663,588
5013,R,34.0,36.35,36.35,7,16,20,35,24,19
5014,G,13.1,13.05,13.2,173,151,385,402,487,1229
5015,R,42.65,43.05,43.3,151,80,93,149,243,397
5016,G,28.7,28.7,28.7,3,15,10,14,13,12
5017,G,0.0,0.0,0.0,0,0,0,0,0,0
5102,G,0.0,0.0,0.0,0,0,0,0,0,0
5201,G,31.0,30.85,31.15,17,34,145,266,191,119
5202,G,15.45,15.4,15.5,84,62,74,68,121,99
5203,G,93.6,93.5,94.9,249,319,1381,790,1022,717
5204,G,0.0,0.0,0.0,0,0,0,0,0,0
5205,G,36.1,34.35,36.1,15,10,7,6,6,10
5206,R,19.45,19.5,19.5,17,69,91,106,193,147
5207,G,0.0,0.0,0.0,0,0,0,0,0,0
5209,G,163.0,161.5,164.0,47,59,132,259,364,193
5210,G,19.15,19.1,19.2,196,479,450,324,360,300
5211,G,22.9,22.15,22.9,61,66,119,238,1198,725
5212,G,44.25,44.25,44.25,1,20,32,32,28,28
5213,R,25.45,25.6,25.6,93,140,297,415,359,243
5215,R,48.1,50.8,50.8,1051,305,136,96,80,310
5220,G,28.5,28.5,28.6,23,23,21,33,29,27
5222,R,162.5,168.5,172.0,1572,1385,1280,1301,2844,1844
5223,G,38.2,38.0,38.3,10,28,35,47,38,33
5225,G,47.3,46.85,47.45,565,788,672,898,1234,1562
5227,G,52.7,51.1,52.7,462,293,249,321,709,919
5228,G,22.6,22.4,22.6,24,13,22,56,51,109
5230,R,20.6,20.65,20.75,37,79,97,177,292,171
5234,R,113.5,114.0,116.0,497,1210,1241,1398,967,565
5236,G,139.0,137.5,141.0,815,1041,966,676,452,317
5243,G,65.6,65.2,65.9,994,1285,1366,3519,4135,3075
5244,R,29.9,30.15,30.15,29,47,58,95,101,102
5245,G,41.8,41.1,41.8,36,25,60,77,115,176
5251,G,18.65,18.1,18.65,118,60,107,129,223,1450
5255,G,0.0,0.0,0.0,0,0,0,0,0,0
5258,G,105.5,103.5,105.5,4309,3377,6024,11015,10484,10807
5259,G,0.0,0.0,0.0,0,0,0,0,0,0
5261,G,0.0,0.0,0.0,0,0,0,0,0,0
5263,G,115.0,114.0,115.0,106,107,148,281,313,392
5264,G,0.0,0.0,0.0,0,0,0,0,0,0
5266,G,0.0,0.0,0.0,0,0,0,0,0,0
5269,R,907.0,918.0,932.0,506,342,605,750,917,981
5272,G,25.1,25.0,25.5,73,286,139,117,337,397
5274,R,2395.0,2465.0,2525.0,928,544,551,563,554,589
5276,G,15.4,15.05,15.5,4,8,6,51,32,24
5278,R,179.5,180.0,180.5,80,26,16,16,15,41
5280,G,0.0,0.0,0.0,0,0,0,0,0,0
5281,R,15.9,15.95,16.2,19,13,16,22,76,54
5283,G,114.0,113.5,114.0,47,56,101,165,115,86
5284,R,138.5,148.0,148.0,7037,3220,2529,2144,3698,2656
5285,G,83.0,80.7,83.8,1472,1100,928,788,991,748
5287,G,219.5,216.5,219.5,73,72,72,55,51,48
5288,G,172.0,172.0,174.5,25,28,74,95,108,133
5289,R,250.5,253.5,255.0,687,1063,1427,1736,1983,1097
5291,R,27.9,28.0,28.25,33,103,74,85,88,90
5299,R,108.5,110.5,111.0,125,75,157,196,206,269
5301,G,12.1,12.05,12.25,91,171,203,586,501,270
5302,G,9.79,9.44,9.79,163,167,164,356,320,218
5304,G,0.0,0.0,0.0,0,0,0,0,0,0
5305,G,0.0,0.0,0.0,0,0,0,0,0,0
5306,G,142.0,141.5,142.0,68,69,163,258,207,173
5309,G,35.85,35.1,36.0,1108,754,1179,1722,3368,3406
5310,G,26.7,26.35,26.7,21,17,37,119,102,59
5312,G,78.0,77.9,78.3,32,104,201,285,228,133
5314,G,29.3,28.75,29.3,31,37,67,71,79,86
5315,G,19.05,18.8,19.15,188,174,278,420,758,582
5317,G,0.0,0.0,0.0,0,0,0,0,0,0
5318,G,0.0,0.0,0.0,0,0,0,0,0,0
5321,G,88.0,86.0,88.0,303,277,249,305,1070,1060
5324,G,9.48,9.44,9.49,185,162,277,854,753,399
5326,G,0.0,0.0,0.0,0,0,0,0,0,0
5328,G,14.0,13.85,14.3,621,577,1067,1509,1516,867
5340,G,68.3,65.4,68.8,2975,6149,5566,3818,2359,1368
5344,G,16.7,16.55,16.7,38,56,72,101,90,138
5345,R,4.8,4.92,4.92,15,14,11,15,11,11
5346,G,0.0,0.0,0.0,0,0,0,0,0,0
5347,R,68.5,68.8,69.5,7837,8298,6145,5396,4948,6247
5348,R,18.8,19.95,19.95,1298,561,185,114,72,43
5349,G,0.0,0.0,0.0,0,0,0,0,0,0
5351,G,39.5,38.95,39.7,1215,1015,3043,3573,4378,6235
5353,G,38.35,37.1,38.75,543,490,749,1084,2320,2758
5355,R,7.25,7.28,7.29,25,73,84,138,276,197
5356,R,27.75,27.8,28.0,141,267,272,451,439,247
5364,G,0.0,0.0,0.0,1,5,15,77,74,65
5371,G,78.8,76.9,78.8,9112,5852,5957,3580,3624,3092
5376,G,0.0,0.0,0.0,0,0,0,0,0,0
5381,R,20.85,22.05,22.05,5532,2117,1034,1174,1305,692
5383,R,30.0,30.1,30.35,33,38,28,90,80,53
5384,G,0.0,0.0,0.0,0,0,0,0,0,0
5386,G,51.4,51.4,52.4,456,393,1389,2028,1106,823
5387,G,0.0,0.0,0.0,0,0,0,0,0,0
5388,G,121.5,119.0,122.0,5631,5659,8728,8139,5994,5179
5392,R,24.7,24.8,25.1,618,832,1041,1107,655,525
5395,G,0.0,0.0,0.0,0,0,0,0,0,0
5398,G,13.6,13.05,13.6,31,25,57,56,66,42
5403,G,107.0,103.5,107.5,461,244,338,307,513,302
5410,G,36.4,34.05,36.4,4031,1079,985,758,885,1338
5414,G,0.0,0.0,0.0,0,0,0,0,0,0
5425,G,81.5,80.5,81.5,2558,2070,5054,7896,10263,13030
5426,G,14.0,13.85,14.3,1279,1773,1144,3409,1907,1451
5432,G,49.75,47.6,50.9,312,595,697,389,253,138
5434,R,167.5,168.5,168.5,504,645,529,561,494,420
5438,R,16.55,16.75,16.75,24,50,46,38,75,53
5439,G,96.7,95.9,98.4,2220,3635,4744,5898,4307,2294
5443,G,30.8,30.55,30.95,486,499,2700,2393,1448,1006
5450,G,17.85,17.5,17.85,94,56,48,85,415,248
5452,G,25.15,24.35,25.7,4555,6008,6220,3603,2776,1519
5455,G,28.95,28.95,28.95,23,12,4,4,2,2
5457,R,52.1,53.0,53.5,1143,633,787,1794,1378,1428
5460,G,13.2,13.1,13.25,51,89,109,366,208,125
5464,G,29.95,29.8,30.2,260,375,224,397,1075,707
5465,G,44.4,43.65,44.8,1209,1074,1650,6064,4986,2651
5466,G,0.0,0.0,0.0,0,0,0,0,0,0
5467,G,0.0,0.0,0.0,0,0,0,0,0,0
5468,G,16.8,16.8,16.8,17,11,22,87,66,91
5469,G,55.1,53.7,55.3,9829,7187,6000,6171,4097,2566
5471,G,43.8,43.75,44.15,119,121,272,301,292,464
5474,G,120.5,119.5,123.5,1007,1371,1342,1848,987,513
5475,G,12.45,12.05,12.45,401,320,640,744,1037,935
5478,G,96.2,95.8,96.8,117,218,357,964,781,456
5480,G,0.0,0.0,0.0,0,0,0,0,0,0
5481,G,13.8,13.75,13.8,21,56,230,120,97,88
5483,G,156.5,154.5,157.0,2844,2253,4534,5593,4398,4353
5484,R,22.05,22.5,23.25,198,167,329,507,377,205
5487,R,26.3,26.65,26.65,11,11,11,16,47,29
5488,G,12.7,12.35,12.7,364,844,773,575,707,671
5489,G,36.7,36.5,37.0,29,26,154,87,131,146
5490,G,21.85,21.75,21.85,27,35,64,98,160,111
5491,G,0.0,0.0,0.0,0,0,0,0,0,0
5492,G,0.0,0.0,0.0,0,0,0,0,0,0
5493,G,48.9,48.2,49.7,11,24,28,54,64,50
5498,G,11.85,11.6,11.9,549,971,655,1411,1392,950
5501,G,0.0,0.0,0.0,0,0,0,0,0,0
5505,G,0.0,0.0,0.0,0,0,0,0,0,0
5506,G,0.0,0.0,0.0,0,0,0,0,0,0
5508,R,71.3,71.5,71.7,80,79,269,347,279,202
5511,G,71.5,71.0,73.0,409,504,798,1199,1017,522
5512,G,9.1,9.09,9.17,660,705,1010,2976,3668,2695
5514,G,20.45,20.3,20.45,8,8,9,14,13,20
5515,G,14.05,14.05,14.1,489,386,584,399,355,227
5516,R,29.35,29.8,29.8,88,65,132,107,119,116
5519,G,22.5,22.45,22.55,230,188,250,389,400,322
5520,G,63.1,62.8,63.1,9,6,14,10,11,6
5521,G,7.72,7.53,7.72,1082,1281,656,844,988,761
5522,G,55.6,55.6,55.7,384,286,286,544,617,761
5523,G,25.3,25.3,25.3,50,84,87,58,55,41
5525,R,26.3,26.5,26.55,199,114,119,93,94,72
5529,R,11.55,11.6,11.6,13,64,54,65,70,66
5530,G,35.85,35.85,36.1,139,110,276,264,276,270
5531,R,9.35,9.39,9.53,291,449,552,2032,2186,1243
5533,R,18.45,18.55,18.65,241,137,185,431,353,261
5534,R,76.3,77.6,77.7,834,753,608,431,427,310
5536,G,154.0,153.0,154.5,349,384,374,414,561,470
5538,R,33.75,34.7,34.7,4,10,23,20,18,25
5543,R,45.0,46.5,46.5,5,2,3,22,25,18
5546,R,29.2,29.8,29.9,63,85,34,40,39,38
5601,G,0.0,0.0,0.0,0,3,7,7,22,16
5603,G,20.85,20.75,20.9,158,235,188,217,266,379
5604,R,45.7,46.1,46.1,8,7,12,20,24,24
5605,G,0.0,0.0,0.0,0,0,0,0,0,0
5607,R,55.8,56.8,57.0,587,592,1211,1805,1406,1076
5608,G,19.7,19.7,20.1,4109,12182,5268,3182,5070,6545
5609,G,74.5,74.5,74.7,139,228,231,440,416,370
5701,R,6.69,7.12,7.12,196,178,126,216,326,384
5703,G,24.0,23.85,24.15,97,74,103,385,267,229
5704,G,48.95,48.9,49.45,100,233,491,1327,973,1051
5706,G,74.9,74.1,75.4,851,1196,2594,8782,6890,5015
5810,G,0.0,0.0,0.0,0,0,0,0,0,0
5818,G,0.0,0.0,0.0,0,0,0,0,0,0
5820,G,0.0,0.0,0.0,0,0,0,0,0,1717
5854,G,0.0,0.0,0.0,0,0,0,0,0,0
5864,R,21.4,21.45,21.7,785,1243,2339,3172,2029,1054
5871,R,174.5,177.0,177.5,2102,3958,6515,5099,4232,4843
5876,R,42.4,42.8,42.85,3662,3046,3302,5130,4625,4873
5878,G,48.4,48.4,48.4,4,2,3,5,4,3
5880,G,26.8,26.7,26.85,3600,5554,11474,9285,8820,9970
5902,G,38.0,37.95,38.55,33,17,32,41,61,64
5903,G,205.5,205.5,205.5,8,28,39,32,47,230
5904,G,484.0,476.5,484.0,283,161,281,306,353,551
5905,G,11.85,11.75,11.95,717,562,574,2321,2110,1767
5906,R,63.6,64.8,66.0,201,88,61,146,150,84
5907,R,12.5,12.55,12.7,81,90,218,189,326,376
6005,G,14.95,14.9,15.0,2209,2479,5066,6154,5507,3872
6008,G,0.0,0.0,0.0,0,0,0,0,0,0
6012,G,0.0,0.0,0.0,0,0,0,0,0,0
6015,R,11.1,11.25,11.3,848,995,3218,2697,1767,1288
6016,G,13.9,13.9,14.05,2459,2210,4498,5907,3694,2077
6020,G,18.9,18.8,18.9,7,5,17,32,21,15
6021,G,14.65,14.4,14.65,29,12,13,19,16,90
6022,G,0.0,0.0,0.0,0,0,0,0,0,0
6023,R,57.1,57.6,58.0,359,154,134,144,120,85
6024,R,43.3,44.0,44.1,320,176,232,387,370,252
6026,R,12.4,12.55,12.65,900,1490,2326,2636,2393,1732
6101,G,40.5,40.0,40.85,563,435,536,755,634,402
6103,G,0.0,0.0,0.0,0,2,2,3,3,5
6104,G,101.0,98.2,101.5,1021,860,2396,2641,3036,6026
6105,G,0.0,0.0,0.0,0,0,0,0,0,0
6107,G,0.0,0.0,0.0,0,0,0,0,0,0
6108,G,20.0,19.55,20.3,1871,4357,1156,475,285,178
6109,R,15.1,15.15,15.45,222,153,269,376,924,1523
6110,G,0.0,0.0,0.0,0,0,0,0,0,0
6111,R,80.0,80.6,81.0,1753,1473,2168,6161,4580,3196
6112,G,62.0,61.0,62.9,1218,1429,3657,5803,6268,3236
6113,G,14.7,14.4,15.25,801,479,358,438,438,845
6114,G,32.0,30.35,32.5,551,564,1249,827,493,442
6115,G,45.0,44.85,45.0,174,189,121,167,178,142
6116,G,12.25,12.25,12.4,7523,9990,18081,21954,16732,14125
6117,G,37.8,36.9,39.7,21833,14910,6161,3621,1886,1164
6118,G,26.9,26.1,26.9,298,245,479,1156,1274,3707
6119,G,0.0,0.0,0.0,0,0,0,0,0,0
6120,R,14.7,14.85,15.4,4652,4232,6154,10990,6177,3653
6121,G,305.5,305.0,306.0,358,365,593,787,787,634
6122,G,41.5,40.85,41.95,2665,3827,3547,6245,7906,4261
6123,R,63.0,63.4,63.8,83,143,112,142,205,167
6124,R,34.25,35.55,36.8,858,703,488,1217,714,687
6125,G,84.8,80.9,85.5,23663,29865,25981,21238,13273,8265
6126,G,31.9,31.1,32.1,1639,1877,2322,2349,1439,822
6127,R,21.95,22.05,22.2,288,307,480,711,907,619
6128,G,34.9,34.65,35.2,833,557,321,371,367,243
6129,G,29.0,28.75,29.45,635,556,1134,1302,2640,3550
6130,G,32.4,32.0,32.4,29,42,40,44,41,42
6131,G,0.0,0.0,0.0,0,0,0,0,0,0
6133,G,15.05,14.85,15.25,231,316,868,1066,2042,6173
6134,G,20.35,19.85,20.35,54,59,111,256,907,567
6135,G,0.0,0.0,0.0,0,0,0,0,0,0
6136,R,18.65,18.7,18.7,98,67,110,201,187,133
6138,G,129.0,127.5,130.0,531,589,1228,1754,2230,2065
6139,R,95.8,96.1,97.9,7414,11880,7039,5399,4864,3110
6140,R,20.0,20.25,20.4,147,138,234,389,879,634
6141,G,16.9,16.7,17.05,157,163,79,60,52,88
6142,G,11.45,11.3,11.65,696,966,933,1706,2160,1725
6143,G,67.3,67.1,68.3,1364,919,1250,1829,2512,2717
6144,G,0.0,0.0,0.0,0,5,6,14,14,11
6145,G,0.0,0.0,0.0,0,0,0,0,0,0
6146,R,251.5,252.0,256.0,662,651,370,389,499,499
6147,R,67.0,67.2,67.5,2220,2841,3722,3322,3200,2552
6148,G,35.25,34.3,35.45,644,621,2654,4884,5317,2790
6149,G,0.0,0.0,0.0,0,0,0,0,0,0
6150,G,75.3,74.2,76.6,861,810,1030,2569,1614,2414
6151,G,26.05,26.05,26.15,20,17,39,60,60,45
6152,R,10.35,10.45,10.6,861,493,647,587,887,777
6153,G,21.8,21.7,22.1,1005,1000,1739,3101,2355,5344
6154,G,16.75,16.7,16.85,20,38,31,33,45,41
6155,R,23.65,24.15,24.15,147,93,326,368,423,353
6156,R,20.55,20.95,21.5,2191,788,1201,888,865,701
6158,G,32.7,31.65,32.8,525,902,1088,731,413,247
6159,G,0.0,0.0,0.0,0,0,0,0,0,0
6160,G,26.0,25.4,26.15,324,609,628,2490,4423,2420
6161,G,38.8,38.5,39.35,482,463,1631,2289,1461,793
6163,G,18.4,17.9,18.4,509,2075,1088,1528,5130,2736
6164,G,10.65,10.6,10.85,551,213,261,502,706,533
6165,G,35.4,35.4,35.6,548,599,406,454,403,322
6166,G,66.2,65.1,66.2,438,360,924,2184,1192,662
6167,G,18.2,17.55,18.6,9420,8108,2975,2924,3787,2264
6168,R,24.5,25.7,26.0,11331,3261,1147,1399,1478,951
6169,G,21.2,20.65,21.25,39,44,54,288,186,110
6170,G,63.2,60.6,64.5,8401,8353,3410,1532,935,584
6171,R,21.5,21.6,21.8,17,16,27,26,43,36
6172,G,0.0,0.0,0.0,0,0,0,0,0,0
6173,G,44.45,43.75,44.45,588,796,524,647,664,527
6174,G,23.4,23.05,23.4,87,36,96,136,157,145
6175,G,34.4,34.1,34.8,130,138,218,356,488,394
6176,G,116.5,115.5,117.0,2022,2681,3867,3421,2792,2327
6177,G,30.4,30.0,30.4,367,1090,695,436,571,452
6179,G,28.1,27.2,28.1,702,933,951,2430,2280,1227
6180,R,66.5,67.0,67.5,270,295,781,2184,1989,2023
6182,G,42.3,41.75,42.4,2489,2727,3471,4938,4709,5120
6183,R,65.8,66.2,66.2,16,73,38,33,37,50
6184,G,50.5,50.5,50.8,25,15,36,55,51,44
6185,G,18.15,17.55,18.2,1295,745,1347,2739,2375,1341
6186,G,47.8,47.65,47.8,327,327,350,245,284,539
6187,G,114.5,112.5,115.5,3322,3008,7121,6778,3579,2290
6188,G,109.0,101.5,109.5,15605,12877,22874,21911,12607,7034
6189,R,43.95,44.3,44.4,426,401,1058,635,490,353
6190,G,33.8,33.4,34.45,1034,917,3858,4056,3216,2442
6191,G,59.0,55.9,59.0,16859,8539,7261,6888,5348,3185
6192,G,85.2,84.3,85.2,240,295,233,161,184,145
6194,G,34.8,32.8,35.0,1043,786,1748,1228,995,521
6195,R,41.0,41.35,41.6,39,63,81,74,59,50
6196,G,136.5,136.5,137.5,524,491,1818,1711,1221,1096
6197,G,70.3,68.0,70.3,1128,1316,1727,1943,1677,986
6198,G,36.65,36.5,38.45,1079,896,331,415,253,136
6199,G,0.0,0.0,0.0,0,1,4,9,9,23
6201,G,45.75,45.6,46.0,13,22,90,59,40,25
6202,G,60.9,60.6,61.4,740,698,956,1107,1043,1225
6203,G,104.0,101.0,105.0,1833,2060,3729,3081,1895,987
6204,R,53.0,54.5,56.9,544,613,533,200,119,69
6205,G,65.1,62.0,66.1,2519,1081,649,938,1249,2207
6206,R,64.8,65.1,65.1,157,318,394,366,332,447
6207,G,31.5,31.1,31.85,222,262,1420,1060,645,374
6208,G,47.4,46.75,47.4,175,223,218,167,166,163
6209,G,28.4,28.4,28.85,500,356,489,710,1341,878
6210,G,32.0,31.95,32.0,4,14,26,24,18,15
6211,G,0.0,0.0,0.0,0,0,0,0,0,0
6212,G,43.7,43.7,43.7,6,3,5,5,3,53
6213,G,83.0,82.9,85.0,6023,6526,5442,3696,2591,2610
6214,R,112.5,113.0,114.0,1666,941,2456,3047,2096,1222
6215,G,24.35,24.1,24.55,134,133,176,761,617,579
6216,G,31.0,30.2,31.0,669,662,624,473,331,300
6217,G,43.35,43.0,43.8,497,520,1719,3069,2238,2276
6218,G,28.25,27.6,28.5,1230,1226,3411,3655,3144,1596
6219,G,25.15,23.9,25.2,1187,709,645,790,587,453
6220,G,27.0,26.9,27.05,546,627,771,947,1075,1687
6221,G,61.6,60.4,61.7,118,99,118,83,74,52
6222,R,21.55,24.0,25.55,632,271,221,294,163,93
6223,G,194.0,193.0,196.5,2633,2832,4943,5037,4967,3666
6224,R,55.4,56.0,56.3,111,75,100,116,158,174
6225,G,9.65,9.61,9.65,12,8,13,14,21,31
6226,G,10.25,10.1,10.35,215,197,291,438,707,695
6227,G,41.85,41.05,41.85,612,525,364,353,331,266
6228,R,11.3,11.4,11.55,30,19,27,35,69,74
6229,G,25.65,25.5,25.9,45,38,42,191,239,164
6230,R,150.5,154.5,155.0,97,59,151,160,203,133
6231,G,154.0,146.5,155.0,4113,5299,4952,2158,2501,1609
6232,G,0.0,0.0,0.0,0,0,0,0,0,0
6233,G,23.45,23.0,23.75,287,165,288,706,1415,982
6234,R,31.35,32.25,33.1,3055,1389,1485,1702,3927,2420
6235,R,141.0,144.5,145.5,21927,27641,16219,17728,24278,17916
6236,G,0.0,0.0,0.0,1,10,6,3,4,2
6237,G,36.1,35.5,36.1,117,124,281,396,450,760
6238,G,0.0,0.0,0.0,0,0,0,0,0,0
6239,G,96.7,96.7,97.0,1959,1686,4548,3991,3218,2939
6240,G,21.8,21.65,21.9,20,16,43,146,189,130
6241,G,13.35,13.3,13.35,46,60,49,84,120,150
6242,R,57.9,58.3,58.4,12,12,36,69,117,102
6243,G,45.0,44.9,46.1,301,187,346,1444,1467,873
6244,G,28.25,28.2,28.65,1931,1699,2073,4822,11495,7618
6245,G,106.0,104.5,107.5,1904,1134,2375,3323,4950,5421
6246,G,13.4,13.2,13.4,13,24,15,16,20,22
6247,G,0.0,0.0,0.0,0,0,0,0,0,22
6248,G,27.4,27.1,27.45,164,358,415,651,1321,771
6250,G,0.0,0.0,0.0,0,0,0,0,0,0
6251,G,0.0,0.0,0.0,0,0,0,0,0,0
6255,G,0.0,0.0,0.0,0,0,0,0,0,0
6257,G,56.8,56.1,57.5,8775,5452,2850,2345,1973,1703
6259,G,19.6,18.95,19.6,10,12,12,16,15,28
6261,R,61.8,62.4,62.5,653,478,355,236,230,203
6263,G,125.0,124.5,126.0,51,51,171,224,248,152
6264,R,7.18,7.27,7.27,20,37,68,77,94,70
6265,G,10.5,10.3,10.7,196,164,186,433,359,368
6266,G,34.2,33.5,34.4,717,689,918,1974,3734,2688
6269,G,90.1,89.6,90.4,546,655,2689,2017,1841,1696
6270,G,22.1,22.05,22.35,99,109,336,512,397,234
6271,R,128.5,129.5,130.5,1997,1088,2210,2420,2238,2124
6274,G,133.0,125.5,134.0,26011,19077,26322,17977,11742,7516
6275,G,48.0,46.05,48.1,3405,4449,3914,3138,2134,1164
6276,G,41.75,41.4,42.35,366,365,644,2701,1838,1005
6277,R,81.6,81.7,81.9,53,71,137,209,268,164
6278,R,89.3,89.6,89.9,516,430,948,1691,1652,1771
6279,G,143.5,143.5,144.0,618,604,1106,2186,1664,2554
6280,G,0.0,0.0,0.0,0,0,0,0,0,0
6281,R,84.9,85.1,85.1,14,13,23,26,37,31
6282,G,48.25,47.1,48.7,30648,26100,41599,47136,37345,23181
6283,G,30.7,30.5,30.9,55,109,282,253,242,394
6284,R,51.2,54.0,54.2,2867,991,968,594,629,611
6285,G,129.0,127.5,134.5,32062,26255,21933,18260,13295,9759
6286,G,0.0,0.0,0.0,0,0,0,0,0,0
6287,G,18.6,17.6,18.8,16,15,13,14,11,18
6288,G,29.4,29.0,29.5,987,1246,1583,6020,7642,4540
6289,G,0.0,0.0,0.0,0,0,0,0,0,63
6290,G,57.0,55.6,57.2,943,926,2014,3293,3705,3271
6291,G,175.0,167.0,175.0,57,76,75,110,110,61
6292,R,45.35,45.95,46.05,123,52,60,47,48,39
6294,G,111.0,110.5,111.5,14,21,34,33,45,38
6298,G,0.0,0.0,0.0,0,0,0,0,0,0
6402,G,0.0,0.0,0.0,0,0,0,0,0,0
6404,G,20.85,20.85,20.85,1,6,7,9,10,20
6405,G,25.7,25.4,25.7,51,94,268,209,175,105
6409,G,1545.0,1510.0,1555.0,137,196,181,169,161,164
6411,G,105.5,104.0,107.0,576,499,1178,1032,1302,1355
6412,G,117.5,116.0,122.0,3011,1648,3402,1649,1184,705
6414,R,261.5,263.0,267.0,1246,1835,2134,2121,1749,1243
6415,G,260.0,258.0,269.0,4650,4740,3032,3206,2912,2795
6416,G,83.6,82.8,84.4,349,197,263,385,607,441
6417,G,121.0,120.5,122.5,269,284,956,1370,1515,784
6418,G,24.65,24.6,25.25,4473,3094,2297,813,541,331
6419,G,34.95,34.8,34.95,17,13,39,60,43,33
6422,G,0.0,0.0,0.0,0,0,0,0,0,0
6425,G,20.95,20.75,20.95,11,15,25,36,60,44
6426,G,71.0,69.6,72.2,1311,602,614,601,379,331
6431,G,16.8,16.7,16.9,47,87,31,33,48,62
6432,G,35.0,34.95,35.25,84,257,295,135,200,232
6435,R,99.8,99.9,100.0,107,57,54,78,117,168
6438,G,99.1,98.5,99.8,434,473,891,1227,1084,764
6441,R,53.9,54.0,55.1,139,140,230,1091,962,860
6442,G,63.0,61.0,65.1,340,506,609,701,545,807
6443,G,30.55,30.15,30.65,2655,2664,4532,5470,10560,16497
6446,G,355.5,352.5,359.0,1802,3376,3226,2850,2879,2348
6449,G,66.2,65.0,66.9,164,304,364,232,206,122
6451,R,94.0,95.0,98.9,701,353,587,1397,854,619
6452,G,0.0,0.0,0.0,0,0,0,0,0,0
6456,G,62.5,61.5,63.1,1530,795,879,1378,1260,1588
6457,R,43.1,43.35,44.5,58,45,66,65,101,146
6461,R,28.4,28.5,28.8,154,154,176,355,702,2388
6462,G,80.8,80.3,82.4,276,198,440,801,583,381
6464,G,89.5,89.5,90.0,5,6,7,9,11,38
6465,G,18.85,18.2,18.85,31,12,20,56,116,95
6469,R,338.0,343.0,347.0,339,384,666,635,643,598
6470,G,71.4,70.1,71.5,841,798,1444,4126,3117,1972
6472,G,663.0,652.0,671.0,1977,2737,2975,2871,3310,3890
6477,G,41.8,41.6,42.35,328,359,567,985,2752,2855
6482,G,42.0,42.0,42.0,1,3,7,11,12,8
6485,G,82.1,81.0,83.5,303,220,498,1314,1821,1244
6486,G,69.8,69.0,69.8,42,57,171,212,137,94
6488,G,465.0,461.0,466.0,1161,901,1319,1373,1501,2020
6491,G,345.0,337.5,345.0,152,167,489,618,606,685
6492,G,41.85,41.55,42.1,116,94,124,122,140,282
6494,G,59.0,58.0,59.0,53,49,67,126,160,226
6496,R,28.75,28.8,28.8,11,15,26,31,59,47
6497,G,0.0,0.0,0.0,0,0,0,0,0,0
6499,R,48.6,48.65,48.95,18,48,79,102,128,179
6504,R,77.9,78.1,78.7,48,66,60,71,75,73
6505,G,81.8,80.4,81.8,951,1178,1570,1827,1737,2078
6506,G,17.85,17.65,17.85,24,12,24,34,56,56
6508,G,34.1,33.85,34.25,181,134,176,223,263,611
6509,G,36.9,36.7,37.0,267,239,526,707,1213,1423
6510,R,498.0,503.0,504.0,139,80,172,407,345,333
6512,R,20.45,20.5,20.5,7,7,16,37,34,49
6514,R,49.4,50.2,50.7,8,13,22,24,58,56
6515,G,623.0,616.0,633.0,1549,951,1097,1473,1424,1097
6516,G,87.5,86.7,87.9,36,36,51,101,117,76
6517,R,79.8,80.0,80.4,354,317,442,1119,1689,1158
6523,G,126.5,126.0,129.0,204,112,206,384,622,510
6525,R,64.4,64.9,65.3,49,154,127,149,139,137
6527,G,86.2,86.2,87.5,170,162,315,497,513,357
6530,R,29.4,30.05,31.25,762,318,374,653,400,332
6531,G,339.0,328.5,342.0,5017,5160,8524,6579,7219,6486
6532,G,57.9,56.3,57.9,286,262,937,1465,973,961
6533,G,453.0,438.5,453.5,1714,2181,1602,1645,2226,4074
6535,G,58.8,58.8,60.1,248,357,1719,1556,1271,853
6538,R,173.5,175.5,176.5,2352,3340,3426,1966,1537,857
6541,G,60.5,58.5,60.7,472,444,262,172,202,757
6542,G,59.3,59.0,59.3,7,9,14,25,20,12
6546,G,88.0,86.1,88.5,372,257,762,1388,1022,1022
6547,G,62.8,61.2,62.8,1554,1928,2312,1762,2780,3615
6548,G,35.0,34.25,35.0,1429,1582,2314,2998,3496,2186
6550,G,83.0,82.4,83.2,1193,2730,2157,3344,3329,6961
6552,R,34.15,34.45,34.7,49,27,41,63,83,123
6554,G,0.0,0.0,0.0,0,0,0,0,0,0
6556,G,93.1,90.5,93.1,42,56,49,118,207,192
6558,R,22.75,22.85,23.4,156,138,158,323,573,528
6560,G,30.15,30.05,30.15,26,32,24,34,48,41
6561,G,368.0,362.5,368.0,57,100,175,138,154,104
6568,R,123.5,124.0,126.0,179,130,175,236,398,564
6569,G,175.0,171.5,180.0,227,201,281,303,189,104
6570,G,59.0,58.6,59.6,151,194,318,581,989,1134
6573,G,15.2,15.0,15.45,207,90,120,237,289,184
6574,G,53.0,52.7,54.4,9,18,13,18,23,14
6576,G,77.7,77.7,78.5,156,172,251,459,759,618
6577,G,90.5,89.0,91.5,162,154,273,579,338,175
6578,G,16.85,16.55,16.9,104,155,166,241,550,506
6579,G,173.0,168.0,175.5,750,739,1326,1558,883,487
6581,R,89.7,90.2,90.2,18,11,20,33,65,106
6582,R,48.75,48.9,49.0,42,58,75,68,93,163
6584,G,64.3,61.8,64.4,157,163,222,644,397,199
6585,G,90.5,90.1,92.2,614,3115,1113,637,381,289
6588,R,29.2,29.25,29.6,5,14,23,53,40,28
6589,R,93.3,93.4,94.1,743,722,1201,1536,2576,5984
6590,G,82.3,82.1,82.9,39,43,82,116,210,112
6591,G,52.4,51.9,53.3,326,292,422,661,470,294
6592,G,128.0,127.0,128.0,865,840,1016,1368,1320,868
6593,G,78.8,78.0,78.8,60,193,171,296,286,179
6594,G,0.0,0.0,0.0,0,0,0,0,13,51
6596,G,49.9,49.75,50.5,76,77,255,854,541,283
6598,G,25.05,24.75,25.05,24,65,68,64,101,264
6603,G,15.6,15.55,15.6,313,594,495,535,720,1187
6605,G,120.5,118.5,120.5,482,477,1370,1231,1219,1019
6606,G,24.25,23.7,24.25,20,83,64,133,258,129
6609,G,30.6,30.5,30.75,105,94,307,378,404,514
6612,G,132.0,130.5,133.0,62,77,136,256,601,426
6613,G,123.0,119.5,123.0,255,321,496,277,218,180
6615,G,40.55,39.95,40.55,13,19,89,48,50,31
6616,G,13.6,13.45,13.6,10,14,19,50,71,70
6624,R,48.4,48.75,48.75,29,20,12,34,22,17
6625,R,95.0,98.8,99.6,841,806,1156,2520,2497,1408
6629,R,48.25,49.15,50.0,32,10,5,4,4,4
6640,R,104.5,113.0,113.5,84,64,160,85,47,30
6641,G,46.1,45.85,46.55,26,8,7,16,18,13
6642,G,0.0,0.0,0.0,0,3,28,30,29,55
6643,G,970.0,912.0,972.0,2396,2863,1584,1217,1929,2625
6649,G,35.0,34.5,35.0,5,16,37,86,99,204
6651,G,73.2,71.3,73.2,71,41,66,65,138,121
6654,G,42.65,42.65,42.65,1,5,11,13,18,15
6655,G,122.5,122.0,122.5,20,19,14,11,17,15
6657,R,62.3,62.5,64.4,151,160,722,1150,575,287
6661,R,22.7,22.85,22.85,4,7,76,45,27,22
6662,G,0.0,0.0,0.0,0,6,27,27,29,21
6664,R,164.0,170.0,174.5,3677,2949,2061,1221,765,478
6666,G,69.5,69.3,70.1,16,33,35,44,145,373
6667,G,77.4,75.9,77.4,96,143,189,236,264,250
6668,G,37.5,36.95,37.8,92,277,242,330,344,315
6669,G,1870.0,1750.0,1875.0,6460,3945,4660,3764,2938,2082
6670,R,194.5,195.5,195.5,144,83,178,443,463,435
6671,G,39.8,39.75,39.85,17,10,10,11,13,12
6672,G,95.3,93.3,96.1,850,1529,2166,1182,913,636
6674,R,25.95,26.9,26.95,5,13,10,20,21,18
6679,R,361.0,372.0,375.5,1225,601,704,822,793,800
6680,R,82.2,82.6,83.8,15,12,11,60,50,39
6683,R,190.0,191.0,193.0,123,125,310,440,346,360
6684,G,42.15,41.8,43.0,119,115,242,239,201,167
6689,G,122.0,119.0,125.5,681,373,852,1239,1930,1193
6690,G,157.0,157.0,160.5,94,86,303,331,449,254
6691,G,249.5,247.0,252.0,429,595,391,752,647,415
6693,G,77.0,75.9,79.3,901,520,163,85,92,85
6695,G,38.35,37.9,39.5,134,97,147,439,366,412
6697,G,50.5,49.9,50.5,75,83,176,335,327,170
6698,G,33.0,32.3,33.1,98,156,134,224,486,272
6702,G,0.0,0.0,0.0,0,0,0,0,0,0
6703,G,233.5,226.0,233.5,150,217,428,436,469,289
6706,G,65.9,64.8,66.0,170,214,321,334,489,597
6708,G,45.5,44.7,45.5,9,16,22,53,80,97
6712,G,191.0,188.5,191.0,301,508,832,657,1325,1758
6715,R,119.0,119.5,121.5,102,131,145,214,687,566
6716,G,80.0,79.2,80.0,5,7,8,19,19,15
6719,G,214.5,213.0,218.5,478,426,1004,1226,2038,2262
6721,G,51.0,50.8,51.0,38,12,9,12,17,16
6727,R,56.7,56.8,57.2,60,60,55,70,113,123
6728,G,124.0,124.0,124.5,27,47,67,60,57,39
6732,G,303.0,293.5,303.0,202,230,549,601,849,566
6733,G,35.15,35.05,35.5,223,250,462,1172,1606,944
6735,G,48.0,48.0,48.0,3,16,17,26,28,21
6741,G,102.0,101.5,104.5,467,647,797,1444,2670,2121
6743,G,50.5,50.2,50.5,87,131,336,1181,791,469
6747,G,197.0,196.0,197.0,25,13,69,147,242,153
6751,G,86.5,86.3,86.7,24,38,122,158,370,201
6752,G,114.0,112.5,117.5,258,354,586,444,869,471
6753,R,100.0,103.0,104.0,943,667,1467,1215,1825,912
6754,R,48.8,49.1,49.45,64,56,59,75,159,141
6756,G,201.0,199.0,201.5,196,144,448,511,591,621
6757,G,36.5,35.8,36.5,664,872,996,332,166,83
6761,R,77.8,78.5,78.5,7,10,65,60,68,46
6762,G,267.5,267.5,267.5,1,2,7,11,42,24
6763,G,430.0,430.0,432.5,17,28,29,75,134,104
6767,G,41.6,40.9,41.6,19,15,37,111,187,159
6768,G,64.6,63.4,64.6,148,1030,327,222,218,571
6770,G,27.6,27.3,27.65,10141,11062,12809,13067,14484,18589
6776,G,53.5,53.1,54.3,127,131,388,661,624,337
6781,R,604.0,615.0,625.0,298,183,315,558,607,978
6782,R,159.0,159.5,159.5,85,177,300,409,697,570
6788,G,126.0,125.0,127.0,307,238,1039,981,1099,1138
6789,G,210.5,207.5,213.5,892,645,842,1590,1334,1426
6790,R,38.2,38.7,38.9,94,135,266,370,424,242
6791,G,87.5,87.5,89.0,45,39,87,127,305,183
6792,G,85.5,84.8,85.8,157,83,121,99,96,130
6796,G,113.5,112.5,116.0,160,206,620,799,613,489
6799,G,156.0,154.0,156.5,1429,2590,1892,1318,2472,1446
6803,G,312.0,312.0,313.0,12,18,58,48,54,43
6804,G,63.4,62.6,63.9,51,70,68,123,141,107
6806,R,92.9,93.0,95.2,690,811,1749,3814,6099,4833
6807,R,25.25,25.35,25.35,4,7,22,22,39,27
6811,G,289.0,280.5,292.5,683,659,629,912,1061,577
6821,R,40.2,40.65,41.0,81,67,80,273,195,97
6823,G,64.8,62.2,64.8,27,25,16,22,20,27
6829,R,128.5,138.0,138.0,4473,2630,1393,1165,2338,1374
6830,G,176.0,175.5,181.5,1021,783,1275,1050,735,485
6834,R,26.1,26.15,26.2,33,50,47,43,71,90
6835,R,39.9,40.0,40.05,31,29,62,196,252,201
6840,G,63.5,63.0,64.0,16,13,18,28,66,33
6841,G,98.8,98.3,101.5,794,832,2604,2919,2302,1151
6843,G,70.0,68.8,70.1,15,34,47,122,206,180
6846,G,83.3,82.0,83.3,5,5,28,51,49,24
6854,G,103.0,103.0,104.0,12,32,73,170,114,97
6855,G,84.8,84.5,84.8,11,7,11,16,24,29
6859,G,140.0,136.0,140.0,43,82,59,83,175,146
6861,G,100.5,99.6,101.0,43,45,169,230,258,129
6863,G,140.5,137.0,143.0,155,260,293,364,561,281
6865,G,65.8,65.0,65.8,31,22,32,35,124,99
6869,G,87.5,86.1,88.0,136,186,156,235,261,130
6873,G,107.0,105.5,107.0,72,77,97,120,200,100
6874,G,120.0,120.0,125.5,340,227,1057,832,1201,665
6877,G,40.0,39.85,40.45,28,35,164,190,95,48
6895,R,142.0,142.5,144.0,337,273,68,23,11,6
6902,G,175.0,169.0,175.0,5,10,21,27,13,7
7402,R,83.4,88.4,89.0,4665,2720,1217,1944,1769,891
7556,G,102.0,101.5,102.0,2,7,14,36,33,20
8008,G,0.0,0.0,0.0,0,0,0,0,0,0
8011,R,17.15,17.4,17.65,1110,781,712,1812,1729,1019
8016,R,237.0,242.0,242.5,2091,1021,1821,1485,1512,1656
8021,G,27.8,27.3,27.9,328,304,1150,1259,758,580
8024,G,20.7,20.55,20.8,31,39,78,212,290,330
8027,R,76.7,76.9,79.6,13229,5323,6256,3329,1836,1104
8028,G,56.4,56.4,57.3,1104,753,2234,3180,2781,3634
8032,G,31.7,31.6,31.7,17,18,16,15,18,33
8033,R,58.0,62.9,62.9,8439,3260,2035,3009,4988,5688
8034,G,19.65,19.35,19.9,960,1079,999,1811,1033,579
8038,R,39.85,40.7,40.75,493,390,612,1145,1535,1074
8039,G,43.8,43.15,44.15,965,684,446,345,275,225
8040,G,41.0,41.0,41.7,153,135,172,402,362,1608
8042,R,34.85,34.95,35.25,51,25,22,25,27,32
8043,G,26.65,26.4,26.65,90,159,152,270,284,323
8044,G,41.2,41.0,42.4,525,574,1105,756,758,1292
8046,R,234.0,239.5,243.0,5110,3015,4111,5657,7210,9641
8047,G,11.45,11.45,11.45,9,7,8,16,32,19
8048,G,76.4,74.2,77.7,1236,1283,2608,3046,1934,993
8049,R,36.5,36.6,36.75,1135,1062,1503,1168,1036,1196
8050,G,104.5,100.5,105.0,7216,8147,11832,10380,7092,7081
8053,G,0.0,0.0,0.0,0,0,0,0,0,0
8054,G,31.2,30.85,31.7,211,171,338,907,662,592
8059,R,14.05,14.15,14.6,224,184,316,1120,885,461
8064,G,17.8,17.75,18.05,251,177,358,876,783,545
8066,G,29.5,29.45,29.65,37,31,36,62,56,40
8067,R,14.0,14.55,14.55,4,5,13,10,18,20
8068,G,28.65,27.75,28.65,139,105,272,185,211,162
8069,R,183.0,185.0,187.5,7866,8338,10837,9747,12621,17946
8070,G,30.25,30.0,30.25,503,493,734,1205,1134,818
8071,G,15.85,15.7,15.95,297,157,236,699,459,369
8072,G,26.0,25.35,26.0,84,78,103,369,360,564
8074,G,18.95,18.9,18.95,57,52,41,64,121,102
8076,G,33.0,32.45,33.1,1011,1066,1422,4731,3998,2769
8077,G,0.0,0.0,0.0,0,2,3,2,3,4
8078,G,0.0,0.0,0.0,0,0,0,0,0,0
8079,G,0.0,0.0,0.0,0,0,0,0,0,0
8080,R,9.65,9.71,9.94,45,19,9,11,16,17
8081,G,229.5,228.5,232.5,359,472,967,685,637,681
8082,G,0.0,0.0,0.0,0,0,0,0,0,0
8083,R,148.0,148.5,149.0,70,65,62,66,62,53
8084,G,80.0,77.4,80.1,178,274,311,314,504,608
8085,R,40.75,41.75,43.15,650,947,1085,1788,1901,1183
8086,G,95.7,94.4,96.2,2613,2028,3001,3597,3159,2597
8087,G,51.6,51.1,51.7,72,147,324,577,340,211
8088,G,33.05,33.0,33.65,898,836,1035,2890,3414,1926
8089,R,18.35,18.4,18.45,27,52,55,82,71,110
8091,G,89.3,88.5,89.6,446,216,205,486,932,812
8092,G,12.05,11.9,12.05,58,90,251,649,357,226
8093,G,18.0,17.3,18.0,362,515,842,1102,852,530
8096,G,10.5,10.5,10.55,115,134,456,549,466,421
8097,G,54.3,53.6,54.5,464,574,398,686,1212,1305
8099,G,49.8,49.3,49.95,132,114,218,780,1249,652
8101,R,5.01,5.29,5.29,99,40,41,119,86,122
8103,G,37.8,37.3,38.0,412,227,441,360,372,264
8104,G,34.65,34.0,34.7,83,86,170,276,356,350
8105,G,13.9,13.75,14.05,1204,1048,2326,4155,3656,3302
8107,G,16.3,16.3,16.45,54,50,71,88,89,134
8109,G,112.5,112.0,113.0,806,1304,1175,634,399,285
8110,G,13.4,13.3,13.6,569,594,1314,1620,1779,1294
8111,R,17.95,18.0,18.1,151,164,196,346,891,663
8112,G,50.0,49.1,50.1,6912,4530,6965,5604,4440,2763
8114,G,104.0,103.0,104.0,184,153,291,740,556,987
8121,G,24.1,23.9,24.2,185,158,296,462,1505,1180
8131,R,39.4,39.6,39.6,214,195,324,507,458,370
8147,G,70.4,69.3,70.9,252,101,197,664,424,353
8150,G,37.3,36.9,37.4,1970,1623,2002,2630,2460,2510
8155,G,142.5,139.0,142.5,790,954,2156,2737,2495,1848
8163,G,42.5,42.15,42.7,404,399,635,845,900,699
8171,G,38.5,37.9,38.9,267,370,458,889,1768,2331
8176,G,11.0,10.9,11.2,72,81,173,370,561,338
8182,G,30.0,29.8,30.0,55,43,42,54,74,84
8183,G,47.45,47.0,47.6,235,208,422,554,784,1352
8199,G,0.0,0.0,0.0,0,0,0,0,0,0
8201,R,19.25,19.5,20.25,870,621,1244,1366,863,523
8210,G,244.5,234.0,248.0,15372,17057,9888,12312,6947,3709
8213,G,45.0,43.65,45.25,1453,1131,988,1259,868,622
8215,G,35.65,35.5,36.0,970,1293,3799,5049,4050,2937
8222,R,46.75,50.6,50.6,10255,4880,2733,5661,13083,10694
8227,G,163.0,160.0,168.0,2417,1402,1140,1392,2048,1453
8234,G,53.2,53.0,56.4,5419,1991,3112,3837,2636,1895
8240,G,34.15,33.6,34.3,126,265,173,206,186,107
8249,G,29.45,29.25,29.8,197,150,477,545,521,560
8255,G,167.0,165.0,168.0,572,477,1336,1447,1583,1553
8261,G,82.2,81.4,82.9,828,724,604,822,1148,2379
8266,G,0.0,0.0,0.0,0,0,0,0,0,0
8271,R,51.5,51.6,52.1,426,316,733,1831,1419,862
8277,G,11.3,11.1,11.35,184,184,553,1022,713,422
8279,G,171.0,171.0,171.0,1,5,7,21,42,54
8284,R,59.5,59.6,59.6,66,35,39,46,74,57
8287,G,0.0,0.0,0.0,0,0,0,0,0,0
8289,R,36.6,37.45,38.4,763,298,322,417,1592,1255
8291,G,0.0,0.0,0.0,0,0,3,3,2,5
8299,R,381.0,391.0,392.5,1704,1159,1854,1970,1934,1775
8341,G,114.0,112.0,114.0,308,338,483,448,354,509
8342,G,58.5,57.6,58.6,8,12,13,10,11,10
8349,G,61.0,60.8,61.3,162,166,180,260,340,696
8354,R,14.3,14.35,14.35,24,16,25,53,86,74
8358,G,65.7,64.5,66.1,9254,13238,16384,12816,8022,7437
8367,R,40.8,40.95,40.95,18,33,39,42,90,72
8374,G,30.0,29.9,30.0,7,16,37,156,121,84
8383,G,37.6,37.0,38.05,366,207,235,305,1066,752
8390,G,48.6,47.9,48.6,739,1112,3840,1808,1651,1018
8401,G,20.0,19.9,20.05,69,49,68,120,293,585
8403,R,34.85,35.0,35.2,447,359,753,1801,2200,1587
8404,R,20.9,21.2,21.3,205,125,142,169,140,123
8406,G,0.0,0.0,0.0,0,0,0,0,0,0
8409,G,25.6,25.25,26.45,191,151,438,428,410,287
8410,G,54.4,53.8,54.6,177,195,322,293,199,109
8411,G,13.95,13.95,13.95,14,33,95,150,120,167
8415,G,33.1,33.0,33.1,200,150,176,270,359,535
8416,G,137.0,135.0,138.0,15,12,17,27,47,29
8418,R,9.39,9.42,9.45,17,22,19,62,48,30
8420,G,78.4,77.6,78.6,232,192,405,499,522,486
8421,G,13.1,12.95,13.25,67,62,85,219,261,598
8422,R,180.5,181.0,181.0,194,200,345,343,267,237
8423,G,0.0,0.0,0.0,0,0,4,5,6,4
8424,G,67.8,67.2,67.8,77,37,20,28,19,14
8426,G,54.8,53.4,54.8,283,554,552,1039,1009,663
8427,G,0.0,0.0,0.0,0,0,0,0,0,0
8429,G,9.92,9.92,9.95,74,81,186,273,258,399
8431,G,59.7,59.3,59.7,144,108,138,289,317,222
8432,G,45.15,45.05,45.5,22,33,59,83,67,91
8433,R,76.6,77.5,78.3,384,356,722,557,391,297
8435,G,60.4,60.2,60.5,42,56,59,52,49,34
8436,R,159.5,160.5,162.0,645,383,592,699,1311,1811
8437,G,80.2,80.2,81.2,73,92,37,27,23,19
8438,G,26.9,26.75,27.25,9,26,148,91,68,56
8440,R,36.7,36.8,37.8,113,101,352,333,888,995
8442,R,74.1,75.5,75.7,67,86,97,108,187,181
8443,R,11.5,11.65,11.65,54,78,74,91,105,98
8444,R,37.4,37.5,37.5,4,13,27,22,18,17
8446,G,102.5,101.5,103.5,304,291,538,1559,1047,552
8450,G,23.6,23.3,24.4,79,121,113,238,157,220
8454,R,521.0,524.0,527.0,260,259,535,597,661,805
8455,G,20.5,20.5,20.5,2,2,8,6,5,4
8462,G,140.5,140.5,141.0,90,76,71,102,128,98
8463,R,23.0,23.2,23.5,13,34,39,63,103,98
8464,R,303.5,307.5,311.0,141,302,512,436,409,449
8466,G,42.1,41.8,42.1,12,24,36,37,36,32
8467,R,64.6,66.1,67.5,493,114,74,100,75,80
8472,R,31.6,33.95,34.05,4,5,9,7,7,7
8473,G,27.75,27.3,27.75,51,43,52,55,82,80
8476,G,62.3,61.6,62.5,99,104,237,242,327,286
8477,G,14.7,14.45,14.7,27,64,66,44,60,63
8478,G,435.0,426.5,440.0,988,1383,2597,2747,3524,4449
8480,G,0.0,0.0,0.0,0,0,0,0,0,9
8481,G,52.5,52.4,52.5,7,7,12,23,19,16
8482,R,66.5,67.0,67.0,3,6,6,9,14,16
8488,R,17.2,17.4,17.75,16,11,43,94,52,30
8489,G,23.65,23.35,24.3,76,30,47,55,50,56
8497,G,0.0,0.0,0.0,0,0,0,0,0,0
8499,G,99.8,99.1,99.9,16,21,33,41,52,43
8705,G,0.0,0.0,0.0,0,0,0,0,0,0
8905,R,27.95,28.25,28.25,67,84,168,589,446,250
8906,G,16.85,16.8,16.85,7,19,25,19,18,17
8908,R,69.8,69.9,70.0,17,20,23,30,46,45
8913,G,0.0,0.0,0.0,0,0,0,0,0,0
8916,G,51.6,51.2,51.9,172,279,343,475,494,1714
8917,G,64.5,64.3,64.5,7,2,3,7,12,8
8921,R,14.25,14.35,14.35,3,2,4,4,3,3
8923,R,19.1,19.15,20.15,8,6,12,20,30,21
8924,G,86.6,85.5,86.6,201,157,234,305,546,456
8925,G,0.0,0.0,0.0,0,0,0,0,0,0
8926,G,42.4,42.4,42.75,1014,1329,2827,4621,4486,2751
8927,R,54.0,57.0,57.1,3192,1548,1073,889,1264,969
8928,R,33.95,34.1,34.15,68,72,103,83,154,205
8929,G,20.35,20.35,20.35,5,11,18,24,25,30
8930,G,27.45,27.45,28.2,1296,1349,3239,1754,1177,667
8931,R,46.35,46.65,47.2,152,121,194,267,563,379
8932,R,75.4,75.5,77.5,1240,1234,1056,766,610,630
8933,G,10.1,10.05,10.15,230,417,501,881,1283,6676
8934,G,0.0,0.0,0.0,0,0,0,0,0,0
8935,G,11.95,11.95,11.95,28,27,53,56,119,102
8936,G,30.8,30.35,31.0,1886,2413,3845,6663,6171,3932
8937,G,22.4,22.0,22.4,78,107,173,238,217,136
8938,G,72.0,70.9,72.3,350,246,414,656,1078,1100
8940,G,23.7,23.45,23.8,131,163,251,905,1106,734
8941,G,58.5,58.5,58.5,2,7,24,32,39,40
8942,G,73.4,72.6,73.7,818,530,811,540,365,257
8996,G,316.0,315.0,328.0,5667,4373,3363,4281,4417,10157
9101,G,0.0,0.0,0.0,0,0,0,0,0,0
9102,G,0.0,0.0,0.0,0,0,0,0,0,0
9103,G,5.94,5.92,5.97,360,1744,1103,766,655,990
9104,G,0.0,0.0,0.0,0,0,0,0,0,0
9105,G,3.91,3.89,3.93,2195,2178,2446,4009,3032,2997
9106,G,0.0,0.0,0.0,0,0,0,0,0,0
9110,G,7.2,7.2,7.2,64,152,160,324,332,189
9136,G,6.28,6.23,6.29,156,306,175,279,261,323
9151,G,0.0,0.0,0.0,0,0,0,0,0,0
9157,G,0.0,0.0,0.0,0,0,0,0,0,0
9188,G,0.0,0.0,0.0,0,0,0,0,0,0
9802,G,122.5,120.5,122.5,1260,613,662,1299,1244,1864
9902,G,11.6,11.6,11.8,113,97,181,205,418,380
9904,G,28.95,28.8,29.05,3171,4737,3630,4865,5428,7717
9905,G,24.2,24.15,24.25,139,93,110,90,83,70
9906,G,57.1,55.7,57.4,156,139,145,186,116,74
9907,G,17.15,17.1,17.25,1279,3054,2315,3315,4225,3900
9908,G,32.95,32.9,32.95,37,44,83,99,89,88
9910,G,172.0,170.0,172.5,743,852,1688,1627,1251,1242
9911,G,62.9,62.8,62.9,92,104,134,161,141,144
9912,G,10.15,10.05,10.15,5,43,55,202,130,159
9914,G,192.0,190.5,192.0,811,635,830,994,883,829
9915,G,0.0,0.0,0.0,0,0,0,0,0,0
9917,G,107.5,107.5,108.0,282,497,540,584,558,423
9918,G,41.0,40.95,41.0,8,6,9,12,13,11
9919,G,18.15,17.8,18.4,4235,8944,5328,5520,4724,4621
9921,G,203.0,203.0,204.5,975,931,937,1268,1638,1305
9922,G,0.0,0.0,0.0,0,0,0,0,0,0
9924,G,42.15,42.15,42.2,81,72,114,180,153,159
9925,G,40.15,40.05,40.15,178,146,199,231,170,152
9926,R,55.0,55.2,55.2,4,5,5,11,13,10
9927,G,57.2,56.2,57.2,1171,1433,3862,1428,873,539
9928,G,17.45,17.25,17.45,8,32,36,56,124,299
9929,R,13.15,13.45,13.5,609,770,472,303,179,160
9930,R,51.1,51.5,51.5,60,55,111,165,179,117
9931,R,39.1,39.5,39.5,9,37,16,17,18,11
9933,G,39.0,38.8,39.0,1366,1469,1315,1358,1699,2318
9934,R,14.6,14.9,15.0,2137,2001,2016,961,879,594
9935,R,17.9,18.0,18.0,201,166,150,147,179,165
9937,R,67.0,67.6,67.7,15,14,42,73,70,52
9938,G,47.0,46.45,47.2,1581,1476,1641,1224,953,1153
9939,G,104.5,104.0,104.5,1197,1270,1422,1520,1687,1517
9940,R,28.5,28.65,28.8,120,108,161,244,206,237
9941,R,174.5,177.0,177.0,927,710,988,975,998,1007
9942,G,146.5,144.0,146.5,432,830,716,645,814,729
9943,G,88.9,87.2,88.9,631,582,439,1263,876,482
9944,G,19.7,19.7,19.75,81,112,265,460,352,219
9945,R,33.05,33.3,33.45,3477,3484,4663,5240,6526,6258
9946,G,14.15,14.1,14.25,209,147,136,129,207,142
9949,G,12.5,12.4,12.55,109,199,197,133,121,79
9950,G,18.95,18.95,18.95,2633,1463,503,322,172,91
9951,R,74.8,74.9,76.1,109,189,325,277,186,149
9955,G,22.4,22.15,22.4,259,218,1370,757,1905,1394
9958,G,143.0,142.5,145.5,2635,2663,4928,7301,5701,4567
9960,G,26.3,26.2,26.3,24,10,41,33,51,52
9962,G,16.95,16.95,17.0,136,204,292,482,892,774
